campaign_id,date,total_kpi_today,starts,ends,flight_id,kpiVolume,kpi_cumsum,kpi_open_today,kpi_needed_today
46,2023-10-04,32,2023-10-04,2023-10-31,932,1834.0,32,1802.0,67
46,2023-10-05,49,2023-10-04,2023-10-31,932,1834.0,81,1753.0,68
46,2023-10-06,77,2023-10-04,2023-10-31,932,1834.0,158,1676.0,68
46,2023-10-07,80,2023-10-04,2023-10-31,932,1834.0,238,1596.0,67
46,2023-10-08,77,2023-10-04,2023-10-31,932,1834.0,315,1519.0,67
46,2023-10-09,86,2023-10-04,2023-10-31,932,1834.0,401,1433.0,66
46,2023-10-12,73,2023-10-04,2023-10-31,932,1834.0,474,1360.0,72
47,2023-09-01,156,2023-09-01,2023-09-30,831,11536.0,156,11380.0,393
47,2023-09-02,132,2023-09-01,2023-09-30,831,11536.0,288,11248.0,402
47,2023-09-03,138,2023-09-01,2023-09-30,831,11536.0,426,11110.0,412
47,2023-09-04,86,2023-09-01,2023-09-30,831,11536.0,512,11024.0,424
47,2023-09-05,103,2023-09-01,2023-09-30,831,11536.0,615,10921.0,437
47,2023-09-06,109,2023-09-01,2023-09-30,831,11536.0,724,10812.0,451
47,2023-09-07,69,2023-09-01,2023-09-30,831,11536.0,793,10743.0,468
47,2023-09-08,62,2023-09-01,2023-09-30,831,11536.0,855,10681.0,486
47,2023-09-09,84,2023-09-01,2023-09-30,831,11536.0,939,10597.0,505
47,2023-09-10,86,2023-09-01,2023-09-30,831,11536.0,1025,10511.0,526
47,2023-09-11,41,2023-09-01,2023-09-30,831,11536.0,1066,10470.0,552
47,2023-09-12,102,2023-09-01,2023-09-30,831,11536.0,1168,10368.0,576
47,2023-09-14,217,2023-09-01,2023-09-30,831,11536.0,1385,10151.0,635
47,2023-09-15,214,2023-09-01,2023-09-30,831,11536.0,1599,9937.0,663
47,2023-09-16,182,2023-09-01,2023-09-30,831,11536.0,1781,9755.0,697
47,2023-09-17,244,2023-09-01,2023-09-30,831,11536.0,2025,9511.0,732
47,2023-09-18,442,2023-09-01,2023-09-30,831,11536.0,2467,9069.0,756
47,2023-09-19,417,2023-09-01,2023-09-30,831,11536.0,2884,8652.0,787
47,2023-09-20,481,2023-09-01,2023-09-30,831,11536.0,3365,8171.0,818
47,2023-09-21,668,2023-09-01,2023-09-30,831,11536.0,4033,7503.0,834
47,2023-09-22,703,2023-09-01,2023-09-30,831,11536.0,4736,6800.0,850
47,2023-09-23,714,2023-09-01,2023-09-30,831,11536.0,5450,6086.0,870
47,2023-09-24,684,2023-09-01,2023-09-30,831,11536.0,6134,5402.0,901
47,2023-09-25,716,2023-09-01,2023-09-30,831,11536.0,6850,4686.0,938
47,2023-09-25,716,2023-09-01,2023-09-30,831,11536.0,7566,3970.0,794
47,2023-09-26,695,2023-09-01,2023-09-30,831,11536.0,8261,3275.0,819
47,2023-09-27,736,2023-09-01,2023-09-30,831,11536.0,8997,2539.0,847
47,2023-09-30,662,2023-09-01,2023-09-30,831,11536.0,9659,1877.0,1877
47,2023-10-01,300,2023-10-01,2023-10-31,862,11536.0,300,11236.0,375
47,2023-10-02,313,2023-10-01,2023-10-31,862,11536.0,613,10923.0,377
47,2023-10-03,334,2023-10-01,2023-10-31,862,11536.0,947,10589.0,379
47,2023-10-04,215,2023-10-01,2023-10-31,862,11536.0,1162,10374.0,385
47,2023-10-05,257,2023-10-01,2023-10-31,862,11536.0,1419,10117.0,390
47,2023-10-06,215,2023-10-01,2023-10-31,862,11536.0,1634,9902.0,397
47,2023-10-07,261,2023-10-01,2023-10-31,862,11536.0,1895,9641.0,402
47,2023-10-08,251,2023-10-01,2023-10-31,862,11536.0,2146,9390.0,409
47,2023-10-09,257,2023-10-01,2023-10-31,862,8890.0,2403,6487.0,295
47,2023-10-10,235,2023-10-01,2023-10-31,862,8890.0,2638,6252.0,298
47,2023-10-11,212,2023-10-01,2023-10-31,862,8890.0,2850,6040.0,302
47,2023-10-12,224,2023-10-01,2023-10-31,862,8890.0,3074,5816.0,307
48,2023-09-11,20,2023-09-01,2023-09-30,851,250.0,20,230.0,13
48,2023-09-12,28,2023-09-01,2023-09-30,851,250.0,48,202.0,12
48,2023-09-14,21,2023-09-01,2023-09-30,851,250.0,69,181.0,12
48,2023-09-15,14,2023-09-01,2023-09-30,851,250.0,83,167.0,12
48,2023-09-16,17,2023-09-01,2023-09-30,851,250.0,100,150.0,11
48,2023-09-17,18,2023-09-01,2023-09-30,851,250.0,118,132.0,11
48,2023-09-18,8,2023-09-01,2023-09-30,851,250.0,126,124.0,11
48,2023-09-19,24,2023-09-01,2023-09-30,851,250.0,150,100.0,10
48,2023-09-20,32,2023-09-01,2023-09-30,851,250.0,182,68.0,7
48,2023-09-21,10,2023-09-01,2023-09-30,851,250.0,192,58.0,7
48,2023-09-22,8,2023-09-01,2023-09-30,851,250.0,200,50.0,7
48,2023-09-23,21,2023-09-01,2023-09-30,851,250.0,221,29.0,5
48,2023-09-24,17,2023-09-01,2023-09-30,851,250.0,238,12.0,2
48,2023-09-25,11,2023-09-01,2023-09-30,851,250.0,249,1.0,1
48,2023-09-25,11,2023-09-01,2023-09-30,851,250.0,260,-10.0,-2
48,2023-09-26,5,2023-09-01,2023-09-30,851,600.0,265,335.0,84
48,2023-09-27,5,2023-09-01,2023-09-30,851,600.0,270,330.0,110
48,2023-09-28,3,2023-09-01,2023-09-30,851,600.0,273,327.0,164
68,2023-09-01,800,2023-09-01,2023-09-30,792,83500.0,800,82700.0,2852
68,2023-09-02,1318,2023-09-01,2023-09-30,792,83500.0,2118,81382.0,2907
68,2023-09-03,1600,2023-09-01,2023-09-30,792,83500.0,3718,79782.0,2955
68,2023-09-04,1399,2023-09-01,2023-09-30,792,83500.0,5117,78383.0,3015
68,2023-09-05,1853,2023-09-01,2023-09-30,792,83500.0,6970,76530.0,3062
68,2023-09-06,1406,2023-09-01,2023-09-30,792,83500.0,8376,75124.0,3131
68,2023-09-07,870,2023-09-01,2023-09-30,792,83500.0,9246,74254.0,3229
68,2023-09-08,1180,2023-09-01,2023-09-30,792,83500.0,10426,73074.0,3322
68,2023-09-09,1216,2023-09-01,2023-09-30,792,83500.0,11642,71858.0,3422
68,2023-09-10,1269,2023-09-01,2023-09-30,792,83500.0,12911,70589.0,3530
68,2023-09-11,1955,2023-09-01,2023-09-30,792,83500.0,14866,68634.0,3613
68,2023-09-12,3504,2023-09-01,2023-09-30,792,83500.0,18370,65130.0,3619
68,2023-09-13,800,2023-09-01,2023-09-30,792,83500.0,19170,64330.0,3785
68,2023-09-14,5760,2023-09-01,2023-09-30,792,83500.0,24930,58570.0,3661
68,2023-09-15,4314,2023-09-01,2023-09-30,792,83500.0,29244,54256.0,3618
68,2023-09-16,8969,2023-09-01,2023-09-30,792,83500.0,38213,45287.0,3235
68,2023-09-17,11140,2023-09-01,2023-09-30,792,83500.0,49353,34147.0,2627
68,2023-09-18,7169,2023-09-01,2023-09-30,792,83500.0,56522,26978.0,2249
68,2023-09-19,5538,2023-09-01,2023-09-30,792,83500.0,62060,21440.0,1950
68,2023-09-20,6754,2023-09-01,2023-09-30,792,83500.0,68814,14686.0,1469
68,2023-09-21,6902,2023-09-01,2023-09-30,792,83500.0,75716,7784.0,865
68,2023-09-22,5536,2023-09-01,2023-09-30,792,83500.0,81252,2248.0,281
68,2023-09-23,11029,2023-09-01,2023-09-30,792,83500.0,92281,-8781.0,-1254
68,2023-09-24,7736,2023-09-01,2023-09-30,792,83500.0,100017,-16517.0,-2752
68,2023-09-25,6458,2023-09-01,2023-09-30,792,83500.0,106475,-22975.0,-4595
68,2023-09-25,6458,2023-09-01,2023-09-30,792,83500.0,112933,-29433.0,-5886
68,2023-09-26,8353,2023-09-01,2023-09-30,792,83500.0,121286,-37786.0,-9446
68,2023-09-27,6817,2023-09-01,2023-09-30,792,83500.0,128103,-44603.0,-14867
68,2023-09-28,5732,2023-09-01,2023-09-30,792,83500.0,133835,-50335.0,-25167
68,2023-09-30,0,2023-09-01,2023-09-30,792,83500.0,133835,-50335.0,-50335
68,2023-10-01,11960,2023-10-01,2023-10-31,854,83500.0,11960,71540.0,2385
68,2023-10-02,7967,2023-10-01,2023-10-31,854,83500.0,19927,63573.0,2193
68,2023-10-03,6576,2023-10-01,2023-10-31,854,83500.0,26503,56997.0,2036
68,2023-10-04,192,2023-10-01,2023-10-31,854,83500.0,26695,56805.0,2104
68,2023-10-05,499,2023-10-01,2023-10-31,854,83500.0,27194,56306.0,2166
68,2023-10-06,319,2023-10-01,2023-10-31,854,83500.0,27513,55987.0,2240
68,2023-10-07,0,2023-10-01,2023-10-31,854,83500.0,27513,55987.0,2333
68,2023-10-08,1658,2023-10-01,2023-10-31,854,83500.0,29171,54329.0,2363
68,2023-10-09,0,2023-10-01,2023-10-31,854,83500.0,29171,54329.0,2470
68,2023-10-10,0,2023-10-01,2023-10-31,854,83500.0,29171,54329.0,2588
107,2023-09-01,28,2023-09-01,2023-09-30,799,2100.0,28,2072.0,72
107,2023-09-02,58,2023-09-01,2023-09-30,799,2100.0,86,2014.0,72
107,2023-09-03,59,2023-09-01,2023-09-30,799,2100.0,145,1955.0,73
107,2023-09-04,49,2023-09-01,2023-09-30,799,2100.0,194,1906.0,74
107,2023-09-05,39,2023-09-01,2023-09-30,799,2100.0,233,1867.0,75
107,2023-09-06,31,2023-09-01,2023-09-30,799,2100.0,264,1836.0,77
107,2023-09-07,34,2023-09-01,2023-09-30,799,2100.0,298,1802.0,79
107,2023-09-08,75,2023-09-01,2023-09-30,799,2100.0,373,1727.0,79
107,2023-09-09,78,2023-09-01,2023-09-30,799,2100.0,451,1649.0,79
107,2023-09-10,102,2023-09-01,2023-09-30,799,2100.0,553,1547.0,78
107,2023-09-11,72,2023-09-01,2023-09-30,799,2100.0,625,1475.0,78
107,2023-09-12,55,2023-09-01,2023-09-30,799,2100.0,680,1420.0,79
107,2023-09-14,26,2023-09-01,2023-09-30,799,2100.0,706,1394.0,88
107,2023-09-15,33,2023-09-01,2023-09-30,799,2100.0,739,1361.0,91
107,2023-09-16,35,2023-09-01,2023-09-30,799,2100.0,774,1326.0,95
107,2023-09-17,41,2023-09-01,2023-09-30,799,2100.0,815,1285.0,99
107,2023-09-18,27,2023-09-01,2023-09-30,799,2100.0,842,1258.0,105
107,2023-09-19,31,2023-09-01,2023-09-30,799,2100.0,873,1227.0,112
107,2023-09-20,42,2023-09-01,2023-09-30,799,2100.0,915,1185.0,119
107,2023-09-21,42,2023-09-01,2023-09-30,799,2100.0,957,1143.0,127
107,2023-09-22,50,2023-09-01,2023-09-30,799,2100.0,1007,1093.0,137
107,2023-09-23,79,2023-09-01,2023-09-30,799,2100.0,1086,1014.0,145
107,2023-09-24,82,2023-09-01,2023-09-30,799,2100.0,1168,932.0,156
107,2023-09-25,68,2023-09-01,2023-09-30,799,2100.0,1236,864.0,173
107,2023-09-25,68,2023-09-01,2023-09-30,799,2100.0,1304,796.0,160
107,2023-09-26,52,2023-09-01,2023-09-30,799,2100.0,1356,744.0,186
107,2023-09-27,73,2023-09-01,2023-09-30,799,2100.0,1429,671.0,224
107,2023-09-28,34,2023-09-01,2023-09-30,799,2100.0,1463,637.0,319
107,2023-09-30,7,2023-09-01,2023-09-30,799,2100.0,1470,630.0,630
107,2023-10-01,10,2023-10-01,2023-10-31,887,2100.0,10,2090.0,70
107,2023-10-02,7,2023-10-01,2023-10-31,887,2100.0,17,2083.0,72
107,2023-10-03,7,2023-10-01,2023-10-31,887,2100.0,24,2076.0,75
107,2023-10-04,77,2023-10-01,2023-10-31,887,2100.0,101,1999.0,75
107,2023-10-05,77,2023-10-01,2023-10-31,887,2100.0,178,1922.0,74
107,2023-10-06,82,2023-10-01,2023-10-31,887,2100.0,260,1840.0,74
107,2023-10-07,78,2023-10-01,2023-10-31,887,2100.0,338,1762.0,74
107,2023-10-08,80,2023-10-01,2023-10-31,887,2100.0,418,1682.0,74
107,2023-10-09,105,2023-10-01,2023-10-31,887,2100.0,523,1577.0,72
107,2023-10-10,82,2023-10-01,2023-10-31,887,2100.0,605,1495.0,72
107,2023-10-11,106,2023-10-01,2023-10-31,887,2100.0,711,1389.0,70
107,2023-10-12,99,2023-10-01,2023-10-31,887,2100.0,810,1290.0,68
182,2023-09-01,16,2023-09-01,2023-09-30,822,421.0,16,405.0,14
182,2023-09-02,14,2023-09-01,2023-09-30,822,421.0,30,391.0,14
182,2023-09-03,18,2023-09-01,2023-09-30,822,421.0,48,373.0,14
182,2023-09-04,15,2023-09-01,2023-09-30,822,421.0,63,358.0,14
182,2023-09-05,18,2023-09-01,2023-09-30,822,421.0,81,340.0,14
182,2023-09-06,15,2023-09-01,2023-09-30,822,421.0,96,325.0,14
182,2023-09-07,19,2023-09-01,2023-09-30,822,421.0,115,306.0,14
182,2023-09-08,23,2023-09-01,2023-09-30,822,421.0,138,283.0,13
182,2023-09-09,22,2023-09-01,2023-09-30,822,421.0,160,261.0,13
182,2023-09-10,19,2023-09-01,2023-09-30,822,421.0,179,242.0,13
182,2023-09-11,11,2023-09-01,2023-09-30,822,421.0,190,231.0,13
182,2023-09-12,12,2023-09-01,2023-09-30,822,421.0,202,219.0,13
182,2023-09-13,0,2023-09-01,2023-09-30,822,421.0,202,219.0,13
182,2023-09-14,14,2023-09-01,2023-09-30,822,421.0,216,205.0,13
182,2023-09-15,9,2023-09-01,2023-09-30,822,421.0,225,196.0,14
182,2023-09-16,10,2023-09-01,2023-09-30,822,421.0,235,186.0,14
182,2023-09-17,23,2023-09-01,2023-09-30,822,421.0,258,163.0,13
182,2023-09-18,19,2023-09-01,2023-09-30,822,421.0,277,144.0,12
182,2023-09-19,19,2023-09-01,2023-09-30,822,421.0,296,125.0,12
182,2023-09-20,17,2023-09-01,2023-09-30,822,421.0,313,108.0,11
182,2023-09-21,12,2023-09-01,2023-09-30,822,421.0,325,96.0,11
182,2023-09-22,32,2023-09-01,2023-09-30,822,421.0,357,64.0,8
182,2023-09-23,26,2023-09-01,2023-09-30,822,421.0,383,38.0,6
182,2023-09-24,34,2023-09-01,2023-09-30,822,421.0,417,4.0,1
182,2023-09-25,31,2023-09-01,2023-09-30,822,421.0,448,-27.0,-5
182,2023-09-25,31,2023-09-01,2023-09-30,822,421.0,479,-58.0,-11
182,2023-09-26,16,2023-09-01,2023-09-30,822,421.0,495,-74.0,-18
182,2023-09-27,24,2023-09-01,2023-09-30,822,421.0,519,-98.0,-32
182,2023-09-28,15,2023-09-01,2023-09-30,822,421.0,534,-113.0,-56
182,2023-10-04,6,2023-10-01,2023-10-31,915,519.0,6,513.0,19
182,2023-10-05,18,2023-10-01,2023-10-31,915,519.0,24,495.0,20
182,2023-10-06,20,2023-10-01,2023-10-31,915,519.0,44,475.0,19
182,2023-10-07,23,2023-10-01,2023-10-31,915,519.0,67,452.0,19
182,2023-10-08,25,2023-10-01,2023-10-31,915,519.0,92,427.0,19
182,2023-10-09,0,2023-10-01,2023-10-31,915,519.0,92,427.0,20
183,2023-09-01,23,2023-09-01,2023-09-30,827,617.0,23,594.0,21
183,2023-09-02,17,2023-09-01,2023-09-30,827,617.0,40,577.0,21
183,2023-09-03,16,2023-09-01,2023-09-30,827,617.0,56,561.0,21
183,2023-09-04,28,2023-09-01,2023-09-30,827,617.0,84,533.0,21
183,2023-09-05,19,2023-09-01,2023-09-30,827,617.0,103,514.0,21
183,2023-09-06,28,2023-09-01,2023-09-30,827,617.0,131,486.0,21
183,2023-09-07,29,2023-09-01,2023-09-30,827,617.0,160,457.0,20
183,2023-09-08,19,2023-09-01,2023-09-30,827,617.0,179,438.0,20
183,2023-09-09,19,2023-09-01,2023-09-30,827,617.0,198,419.0,20
183,2023-09-10,21,2023-09-01,2023-09-30,827,617.0,219,398.0,20
183,2023-09-11,39,2023-09-01,2023-09-30,827,617.0,258,359.0,19
183,2023-09-12,24,2023-09-01,2023-09-30,827,617.0,282,335.0,19
183,2023-09-13,1,2023-09-01,2023-09-30,827,617.0,283,334.0,20
183,2023-09-14,22,2023-09-01,2023-09-30,827,617.0,305,312.0,20
183,2023-09-15,15,2023-09-01,2023-09-30,827,617.0,320,297.0,20
183,2023-09-16,26,2023-09-01,2023-09-30,827,617.0,346,271.0,20
183,2023-09-17,26,2023-09-01,2023-09-30,827,617.0,372,245.0,19
183,2023-09-18,29,2023-09-01,2023-09-30,827,617.0,401,216.0,18
183,2023-09-19,28,2023-09-01,2023-09-30,827,617.0,429,188.0,18
183,2023-09-20,30,2023-09-01,2023-09-30,827,617.0,459,158.0,16
183,2023-09-21,14,2023-09-01,2023-09-30,827,617.0,473,144.0,16
183,2023-09-22,16,2023-09-01,2023-09-30,827,617.0,489,128.0,16
183,2023-09-23,11,2023-09-01,2023-09-30,827,617.0,500,117.0,17
183,2023-09-24,22,2023-09-01,2023-09-30,827,617.0,522,95.0,16
183,2023-09-25,16,2023-09-01,2023-09-30,827,617.0,538,79.0,16
183,2023-09-25,16,2023-09-01,2023-09-30,827,617.0,554,63.0,13
183,2023-09-26,8,2023-09-01,2023-09-30,827,617.0,562,55.0,14
183,2023-09-27,7,2023-09-01,2023-09-30,827,617.0,569,48.0,16
183,2023-09-28,4,2023-09-01,2023-09-30,827,617.0,573,44.0,22
183,2023-10-04,10,2023-10-01,2023-10-31,910,578.0,10,568.0,22
183,2023-10-05,0,2023-10-01,2023-10-31,910,578.0,10,568.0,22
183,2023-10-06,0,2023-10-01,2023-10-31,910,578.0,10,568.0,23
183,2023-10-07,0,2023-10-01,2023-10-31,910,578.0,10,568.0,24
183,2023-10-08,25,2023-10-01,2023-10-31,910,578.0,35,543.0,24
183,2023-10-09,6,2023-10-01,2023-10-31,910,578.0,41,537.0,25
185,2023-09-01,10,2023-09-01,2023-09-30,828,154.0,10,144.0,5
185,2023-09-02,4,2023-09-01,2023-09-30,828,154.0,14,140.0,5
185,2023-09-03,6,2023-09-01,2023-09-30,828,154.0,20,134.0,5
185,2023-09-04,9,2023-09-01,2023-09-30,828,154.0,29,125.0,5
185,2023-09-05,2,2023-09-01,2023-09-30,828,154.0,31,123.0,5
185,2023-09-06,1,2023-09-01,2023-09-30,828,154.0,32,122.0,6
185,2023-09-07,5,2023-09-01,2023-09-30,828,154.0,37,117.0,6
185,2023-09-08,9,2023-09-01,2023-09-30,828,154.0,46,108.0,5
185,2023-09-09,8,2023-09-01,2023-09-30,828,154.0,54,100.0,5
185,2023-09-10,9,2023-09-01,2023-09-30,828,154.0,63,91.0,5
185,2023-09-11,5,2023-09-01,2023-09-30,828,154.0,68,86.0,5
185,2023-09-12,6,2023-09-01,2023-09-30,828,154.0,74,80.0,5
185,2023-09-13,1,2023-09-01,2023-09-30,828,154.0,75,79.0,5
185,2023-09-14,6,2023-09-01,2023-09-30,828,154.0,81,73.0,5
185,2023-09-15,3,2023-09-01,2023-09-30,828,154.0,84,70.0,5
185,2023-09-16,6,2023-09-01,2023-09-30,828,154.0,90,64.0,5
185,2023-09-17,7,2023-09-01,2023-09-30,828,154.0,97,57.0,5
185,2023-09-18,5,2023-09-01,2023-09-30,828,154.0,102,52.0,5
185,2023-09-19,5,2023-09-01,2023-09-30,828,154.0,107,47.0,5
185,2023-09-20,8,2023-09-01,2023-09-30,828,154.0,115,39.0,4
185,2023-09-21,6,2023-09-01,2023-09-30,828,154.0,121,33.0,4
185,2023-09-22,5,2023-09-01,2023-09-30,828,154.0,126,28.0,4
185,2023-09-23,2,2023-09-01,2023-09-30,828,154.0,128,26.0,4
185,2023-09-24,4,2023-09-01,2023-09-30,828,154.0,132,22.0,4
185,2023-09-25,1,2023-09-01,2023-09-30,828,154.0,133,21.0,5
185,2023-09-25,1,2023-09-01,2023-09-30,828,154.0,134,20.0,4
185,2023-09-26,5,2023-09-01,2023-09-30,828,154.0,139,15.0,4
185,2023-09-27,5,2023-09-01,2023-09-30,828,154.0,144,10.0,4
185,2023-09-28,4,2023-09-01,2023-09-30,828,154.0,148,6.0,3
185,2023-10-04,1,2023-10-01,2023-10-31,911,144.0,1,143.0,6
185,2023-10-05,0,2023-10-01,2023-10-31,911,144.0,1,143.0,6
185,2023-10-06,1,2023-10-01,2023-10-31,911,144.0,2,142.0,6
185,2023-10-07,0,2023-10-01,2023-10-31,911,144.0,2,142.0,6
185,2023-10-08,0,2023-10-01,2023-10-31,911,144.0,2,142.0,7
199,2023-09-01,12,2023-09-01,2023-09-30,814,2771.0,12,2759.0,96
199,2023-09-02,8,2023-09-01,2023-09-30,814,2771.0,20,2751.0,99
199,2023-09-03,11,2023-09-01,2023-09-30,814,2771.0,31,2740.0,102
199,2023-09-04,15,2023-09-01,2023-09-30,814,2771.0,46,2725.0,105
199,2023-09-05,22,2023-09-01,2023-09-30,814,2771.0,68,2703.0,109
199,2023-09-06,48,2023-09-01,2023-09-30,814,2771.0,116,2655.0,111
199,2023-09-07,63,2023-09-01,2023-09-30,814,2771.0,179,2592.0,113
199,2023-09-08,44,2023-09-01,2023-09-30,814,2771.0,223,2548.0,116
199,2023-09-09,44,2023-09-01,2023-09-30,814,2771.0,267,2504.0,120
199,2023-09-10,66,2023-09-01,2023-09-30,814,2771.0,333,2438.0,122
199,2023-09-11,80,2023-09-01,2023-09-30,814,2771.0,413,2358.0,125
199,2023-09-12,67,2023-09-01,2023-09-30,814,2771.0,480,2291.0,128
199,2023-09-13,5,2023-09-01,2023-09-30,814,2771.0,485,2286.0,135
199,2023-09-14,90,2023-09-01,2023-09-30,814,2771.0,575,2196.0,138
199,2023-09-15,84,2023-09-01,2023-09-30,814,2771.0,659,2112.0,141
199,2023-09-16,97,2023-09-01,2023-09-30,814,2771.0,756,2015.0,144
199,2023-09-17,91,2023-09-01,2023-09-30,814,2771.0,847,1924.0,148
199,2023-09-18,99,2023-09-01,2023-09-30,814,2771.0,946,1825.0,153
199,2023-09-19,85,2023-09-01,2023-09-30,814,2771.0,1031,1740.0,159
199,2023-09-20,80,2023-09-01,2023-09-30,814,2771.0,1111,1660.0,166
199,2023-09-21,115,2023-09-01,2023-09-30,814,2771.0,1226,1545.0,172
199,2023-09-22,71,2023-09-01,2023-09-30,814,2771.0,1297,1474.0,185
199,2023-09-23,79,2023-09-01,2023-09-30,814,2771.0,1376,1395.0,200
199,2023-09-24,100,2023-09-01,2023-09-30,814,2771.0,1476,1295.0,216
199,2023-09-25,113,2023-09-01,2023-09-30,814,2771.0,1589,1182.0,237
199,2023-09-25,113,2023-09-01,2023-09-30,814,2771.0,1702,1069.0,214
199,2023-09-26,124,2023-09-01,2023-09-30,814,2771.0,1826,945.0,237
199,2023-09-27,157,2023-09-01,2023-09-30,814,2771.0,1983,788.0,263
199,2023-09-28,212,2023-09-01,2023-09-30,814,2771.0,2195,576.0,288
199,2023-10-04,193,2023-10-01,2023-10-31,921,3905.0,193,3712.0,138
199,2023-10-05,125,2023-10-01,2023-10-31,921,3905.0,318,3587.0,138
199,2023-10-06,102,2023-10-01,2023-10-31,921,3905.0,420,3485.0,140
199,2023-10-07,62,2023-10-01,2023-10-31,921,3905.0,482,3423.0,143
199,2023-10-08,116,2023-10-01,2023-10-31,921,3905.0,598,3307.0,144
199,2023-10-09,9,2023-10-01,2023-10-31,921,3905.0,607,3298.0,150
210,2023-09-03,20,2023-09-01,2023-09-30,837,268.0,20,248.0,10
210,2023-09-04,22,2023-09-01,2023-09-30,837,268.0,42,226.0,9
210,2023-09-05,8,2023-09-01,2023-09-30,837,268.0,50,218.0,9
210,2023-09-06,11,2023-09-01,2023-09-30,837,268.0,61,207.0,9
210,2023-09-07,8,2023-09-01,2023-09-30,837,268.0,69,199.0,9
210,2023-09-08,12,2023-09-01,2023-09-30,837,268.0,81,187.0,9
210,2023-09-09,8,2023-09-01,2023-09-30,837,268.0,89,179.0,9
210,2023-09-10,13,2023-09-01,2023-09-30,837,268.0,102,166.0,9
210,2023-09-11,10,2023-09-01,2023-09-30,837,268.0,112,156.0,9
210,2023-09-12,15,2023-09-01,2023-09-30,837,268.0,127,141.0,8
210,2023-09-13,0,2023-09-01,2023-09-30,837,268.0,127,141.0,9
210,2023-09-14,7,2023-09-01,2023-09-30,837,268.0,134,134.0,9
210,2023-09-15,8,2023-09-01,2023-09-30,837,268.0,142,126.0,9
210,2023-09-16,4,2023-09-01,2023-09-30,837,268.0,146,122.0,9
210,2023-09-17,6,2023-09-01,2023-09-30,837,268.0,152,116.0,9
210,2023-09-18,8,2023-09-01,2023-09-30,837,268.0,160,108.0,9
210,2023-09-19,6,2023-09-01,2023-09-30,837,268.0,166,102.0,10
210,2023-09-20,7,2023-09-01,2023-09-30,837,268.0,173,95.0,10
210,2023-09-21,8,2023-09-01,2023-09-30,837,268.0,181,87.0,10
210,2023-09-22,6,2023-09-01,2023-09-30,837,268.0,187,81.0,11
210,2023-09-23,3,2023-09-01,2023-09-30,837,268.0,190,78.0,12
210,2023-09-24,4,2023-09-01,2023-09-30,837,268.0,194,74.0,13
210,2023-09-25,10,2023-09-01,2023-09-30,837,268.0,204,64.0,13
210,2023-09-25,10,2023-09-01,2023-09-30,837,268.0,214,54.0,11
210,2023-09-26,6,2023-09-01,2023-09-30,837,268.0,220,48.0,12
210,2023-09-27,7,2023-09-01,2023-09-30,837,268.0,227,41.0,14
210,2023-09-28,13,2023-09-01,2023-09-30,837,268.0,240,28.0,14
218,2023-09-01,156,2023-09-01,2023-09-30,507,7500.0,156,7344.0,254
218,2023-09-02,132,2023-09-01,2023-09-30,507,7500.0,288,7212.0,258
218,2023-09-03,138,2023-09-01,2023-09-30,507,7500.0,426,7074.0,262
218,2023-09-04,86,2023-09-01,2023-09-30,507,7500.0,512,6988.0,269
218,2023-09-05,103,2023-09-01,2023-09-30,507,7500.0,615,6885.0,276
218,2023-09-06,109,2023-09-01,2023-09-30,507,7500.0,724,6776.0,283
218,2023-09-07,69,2023-09-01,2023-09-30,507,7500.0,793,6707.0,292
218,2023-09-08,62,2023-09-01,2023-09-30,507,7500.0,855,6645.0,303
218,2023-09-09,84,2023-09-01,2023-09-30,507,7500.0,939,6561.0,313
218,2023-09-10,86,2023-09-01,2023-09-30,507,7500.0,1025,6475.0,324
218,2023-09-11,41,2023-09-01,2023-09-30,507,7500.0,1066,6434.0,339
218,2023-09-12,102,2023-09-01,2023-09-30,507,7500.0,1168,6332.0,352
218,2023-09-14,217,2023-09-01,2023-09-30,507,7500.0,1385,6115.0,383
218,2023-09-15,214,2023-09-01,2023-09-30,507,7500.0,1599,5901.0,394
218,2023-09-16,182,2023-09-01,2023-09-30,507,7500.0,1781,5719.0,409
218,2023-09-17,244,2023-09-01,2023-09-30,507,7500.0,2025,5475.0,422
218,2023-09-18,442,2023-09-01,2023-09-30,507,7500.0,2467,5033.0,420
218,2023-09-19,417,2023-09-01,2023-09-30,507,7500.0,2884,4616.0,420
218,2023-09-20,481,2023-09-01,2023-09-30,507,7500.0,3365,4135.0,414
218,2023-09-21,668,2023-09-01,2023-09-30,507,7500.0,4033,3467.0,386
218,2023-09-22,703,2023-09-01,2023-09-30,507,7500.0,4736,2764.0,346
218,2023-09-23,714,2023-09-01,2023-09-30,507,7500.0,5450,2050.0,293
218,2023-09-24,684,2023-09-01,2023-09-30,507,7500.0,6134,1366.0,228
218,2023-09-25,716,2023-09-01,2023-09-30,507,7500.0,6850,650.0,130
218,2023-09-25,716,2023-09-01,2023-09-30,507,7500.0,7566,-66.0,-13
218,2023-09-26,695,2023-09-01,2023-09-30,507,7500.0,8261,-761.0,-190
218,2023-09-27,736,2023-09-01,2023-09-30,507,7500.0,8997,-1497.0,-499
218,2023-09-28,655,2023-09-01,2023-09-30,507,7500.0,9652,-2152.0,-1076
218,2023-10-01,300,2023-10-01,2023-10-31,508,7500.0,300,7200.0,240
218,2023-10-03,334,2023-10-01,2023-10-31,508,7500.0,634,6866.0,246
218,2023-10-04,215,2023-10-01,2023-10-31,508,7500.0,849,6651.0,247
218,2023-10-05,257,2023-10-01,2023-10-31,508,7500.0,1106,6394.0,246
218,2023-10-06,215,2023-10-01,2023-10-31,508,7500.0,1321,6179.0,248
218,2023-10-07,261,2023-10-01,2023-10-31,508,7500.0,1582,5918.0,247
218,2023-10-08,251,2023-10-01,2023-10-31,508,7500.0,1833,5667.0,247
218,2023-10-10,235,2023-10-01,2023-10-31,508,7500.0,2068,5432.0,259
218,2023-10-11,212,2023-10-01,2023-10-31,508,7500.0,2280,5220.0,261
218,2023-10-12,224,2023-10-01,2023-10-31,508,7500.0,2504,4996.0,263
219,2023-09-01,60,2023-09-01,2023-09-30,801,2521.0,60,2461.0,85
219,2023-09-02,60,2023-09-01,2023-09-30,801,2521.0,120,2401.0,86
219,2023-09-03,78,2023-09-01,2023-09-30,801,2521.0,198,2323.0,87
219,2023-09-04,71,2023-09-01,2023-09-30,801,2521.0,269,2252.0,87
219,2023-09-05,80,2023-09-01,2023-09-30,801,2521.0,349,2172.0,87
219,2023-09-06,80,2023-09-01,2023-09-30,801,2521.0,429,2092.0,88
219,2023-09-07,78,2023-09-01,2023-09-30,801,2521.0,507,2014.0,88
219,2023-09-08,73,2023-09-01,2023-09-30,801,2521.0,580,1941.0,89
219,2023-09-09,71,2023-09-01,2023-09-30,801,2521.0,651,1870.0,90
219,2023-09-10,85,2023-09-01,2023-09-30,801,2521.0,736,1785.0,90
219,2023-09-11,75,2023-09-01,2023-09-30,801,2521.0,811,1710.0,90
219,2023-09-12,95,2023-09-01,2023-09-30,801,2521.0,906,1615.0,90
219,2023-09-14,91,2023-09-01,2023-09-30,801,2521.0,997,1524.0,96
219,2023-09-15,89,2023-09-01,2023-09-30,801,2521.0,1086,1435.0,96
219,2023-09-16,73,2023-09-01,2023-09-30,801,2521.0,1159,1362.0,98
219,2023-09-17,92,2023-09-01,2023-09-30,801,2521.0,1251,1270.0,98
219,2023-09-18,90,2023-09-01,2023-09-30,801,2521.0,1341,1180.0,99
219,2023-09-19,83,2023-09-01,2023-09-30,801,2521.0,1424,1097.0,100
219,2023-09-20,94,2023-09-01,2023-09-30,801,2521.0,1518,1003.0,101
219,2023-09-21,75,2023-09-01,2023-09-30,801,2521.0,1593,928.0,104
219,2023-09-22,76,2023-09-01,2023-09-30,801,2521.0,1669,852.0,107
219,2023-09-23,80,2023-09-01,2023-09-30,801,2521.0,1749,772.0,111
219,2023-09-24,105,2023-09-01,2023-09-30,801,2521.0,1854,667.0,112
219,2023-09-25,75,2023-09-01,2023-09-30,801,2521.0,1929,592.0,119
219,2023-09-25,75,2023-09-01,2023-09-30,801,2521.0,2004,517.0,104
219,2023-09-26,79,2023-09-01,2023-09-30,801,2521.0,2083,438.0,110
219,2023-09-27,80,2023-09-01,2023-09-30,801,2521.0,2163,358.0,120
219,2023-09-28,93,2023-09-01,2023-09-30,801,2521.0,2256,265.0,133
219,2023-09-30,97,2023-09-01,2023-09-30,801,2521.0,2353,168.0,168
219,2023-10-01,120,2023-10-01,2023-10-31,802,2521.0,120,2401.0,81
219,2023-10-02,104,2023-10-01,2023-10-31,802,2521.0,224,2297.0,80
219,2023-10-03,121,2023-10-01,2023-10-31,802,2521.0,345,2176.0,78
219,2023-10-04,86,2023-10-01,2023-10-31,802,2521.0,431,2090.0,78
219,2023-10-05,105,2023-10-01,2023-10-31,802,2521.0,536,1985.0,77
219,2023-10-06,66,2023-10-01,2023-10-31,802,2521.0,602,1919.0,77
219,2023-10-07,78,2023-10-01,2023-10-31,802,2521.0,680,1841.0,77
219,2023-10-08,97,2023-10-01,2023-10-31,802,2521.0,777,1744.0,76
219,2023-10-09,92,2023-10-01,2023-10-31,802,2521.0,869,1652.0,76
219,2023-10-10,71,2023-10-01,2023-10-31,802,2521.0,940,1581.0,76
219,2023-10-11,91,2023-10-01,2023-10-31,802,2521.0,1031,1490.0,75
219,2023-10-12,91,2023-10-01,2023-10-31,802,2521.0,1122,1399.0,74
226,2023-09-01,0,2023-09-01,2023-09-30,800,2717.0,0,2717.0,94
226,2023-09-02,0,2023-09-01,2023-09-30,800,2717.0,0,2717.0,98
226,2023-09-03,0,2023-09-01,2023-09-30,800,2717.0,0,2717.0,101
226,2023-09-04,87,2023-09-01,2023-09-30,800,2717.0,87,2630.0,102
226,2023-09-05,83,2023-09-01,2023-09-30,800,2717.0,170,2547.0,102
226,2023-09-06,105,2023-09-01,2023-09-30,800,2717.0,275,2442.0,102
226,2023-09-07,106,2023-09-01,2023-09-30,800,2717.0,381,2336.0,102
226,2023-09-08,106,2023-09-01,2023-09-30,800,2717.0,487,2230.0,102
226,2023-09-09,106,2023-09-01,2023-09-30,800,2717.0,593,2124.0,102
226,2023-09-10,101,2023-09-01,2023-09-30,800,2717.0,694,2023.0,102
226,2023-09-11,109,2023-09-01,2023-09-30,800,2717.0,803,1914.0,101
226,2023-09-12,106,2023-09-01,2023-09-30,800,2717.0,909,1808.0,101
226,2023-09-14,92,2023-09-01,2023-09-30,800,2717.0,1001,1716.0,108
226,2023-09-15,96,2023-09-01,2023-09-30,800,2717.0,1097,1620.0,108
226,2023-09-16,93,2023-09-01,2023-09-30,800,2717.0,1190,1527.0,110
226,2023-09-17,97,2023-09-01,2023-09-30,800,2717.0,1287,1430.0,110
226,2023-09-18,104,2023-09-01,2023-09-30,800,2717.0,1391,1326.0,111
226,2023-09-19,112,2023-09-01,2023-09-30,800,2717.0,1503,1214.0,111
226,2023-09-20,113,2023-09-01,2023-09-30,800,2717.0,1616,1101.0,111
226,2023-09-21,38,2023-09-01,2023-09-30,800,2717.0,1654,1063.0,119
226,2023-09-22,59,2023-09-01,2023-09-30,800,2717.0,1713,1004.0,126
226,2023-09-23,62,2023-09-01,2023-09-30,800,2717.0,1775,942.0,135
226,2023-09-24,58,2023-09-01,2023-09-30,800,2717.0,1833,884.0,148
226,2023-09-25,150,2023-09-01,2023-09-30,800,2717.0,1983,734.0,147
226,2023-09-25,150,2023-09-01,2023-09-30,800,2717.0,2133,584.0,117
226,2023-09-26,83,2023-09-01,2023-09-30,800,2717.0,2216,501.0,126
226,2023-09-27,141,2023-09-01,2023-09-30,800,2717.0,2357,360.0,120
226,2023-09-28,114,2023-09-01,2023-09-30,800,2717.0,2471,246.0,123
226,2023-09-30,81,2023-09-01,2023-09-30,800,2717.0,2552,165.0,165
226,2023-10-01,92,2023-10-01,2023-10-31,888,2717.0,92,2625.0,88
226,2023-10-02,77,2023-10-01,2023-10-31,888,2717.0,169,2548.0,88
226,2023-10-03,83,2023-10-01,2023-10-31,888,2717.0,252,2465.0,89
226,2023-10-04,93,2023-10-01,2023-10-31,888,2717.0,345,2372.0,88
226,2023-10-05,94,2023-10-01,2023-10-31,888,2717.0,439,2278.0,88
226,2023-10-06,92,2023-10-01,2023-10-31,888,2717.0,531,2186.0,88
226,2023-10-07,93,2023-10-01,2023-10-31,888,2717.0,624,2093.0,88
226,2023-10-08,96,2023-10-01,2023-10-31,888,2717.0,720,1997.0,87
226,2023-10-09,91,2023-10-01,2023-10-31,888,2717.0,811,1906.0,87
226,2023-10-10,92,2023-10-01,2023-10-31,888,2717.0,903,1814.0,87
226,2023-10-11,93,2023-10-01,2023-10-31,888,2717.0,996,1721.0,87
226,2023-10-12,537,2023-10-01,2023-10-31,888,2717.0,1533,1184.0,63
256,2023-10-04,0,2023-10-01,2023-10-31,922,30.0,0,30.0,2
256,2023-10-05,2,2023-10-01,2023-10-31,922,30.0,2,28.0,2
256,2023-10-06,0,2023-10-01,2023-10-31,922,30.0,2,28.0,2
256,2023-10-07,1,2023-10-01,2023-10-31,922,30.0,3,27.0,2
256,2023-10-08,1,2023-10-01,2023-10-31,922,30.0,4,26.0,2
256,2023-10-09,1,2023-10-01,2023-10-31,922,30.0,5,25.0,2
256,2023-10-10,0,2023-10-01,2023-10-31,922,30.0,5,25.0,2
256,2023-10-11,1,2023-10-01,2023-10-31,922,30.0,6,24.0,2
256,2023-10-12,0,2023-10-01,2023-10-31,922,30.0,6,24.0,2
260,2023-09-01,652,2023-09-01,2023-09-30,674,32841.0,652,32189.0,1110
260,2023-09-02,708,2023-09-01,2023-09-30,674,32841.0,1360,31481.0,1125
260,2023-09-03,791,2023-09-01,2023-09-30,674,32841.0,2151,30690.0,1137
260,2023-09-04,532,2023-09-01,2023-09-30,674,32841.0,2683,30158.0,1160
260,2023-09-05,496,2023-09-01,2023-09-30,674,32841.0,3179,29662.0,1187
265,2023-09-01,167,2023-09-01,2023-09-30,710,5495.0,167,5328.0,184
265,2023-09-02,133,2023-09-01,2023-09-30,710,5495.0,300,5195.0,186
265,2023-09-03,154,2023-09-01,2023-09-30,710,5495.0,454,5041.0,187
265,2023-09-04,198,2023-09-01,2023-09-30,710,5495.0,652,4843.0,187
265,2023-09-05,190,2023-09-01,2023-09-30,710,5495.0,842,4653.0,187
265,2023-09-06,219,2023-09-01,2023-09-30,710,5495.0,1061,4434.0,185
265,2023-09-07,181,2023-09-01,2023-09-30,710,5495.0,1242,4253.0,185
265,2023-09-08,165,2023-09-01,2023-09-30,710,5495.0,1407,4088.0,186
265,2023-09-09,211,2023-09-01,2023-09-30,710,5495.0,1618,3877.0,185
265,2023-09-10,198,2023-09-01,2023-09-30,710,5495.0,1816,3679.0,184
265,2023-09-11,218,2023-09-01,2023-09-30,710,5495.0,2034,3461.0,183
265,2023-09-12,229,2023-09-01,2023-09-30,710,5495.0,2263,3232.0,180
265,2023-09-14,148,2023-09-01,2023-09-30,710,5495.0,2411,3084.0,193
265,2023-09-15,172,2023-09-01,2023-09-30,710,5495.0,2583,2912.0,195
265,2023-09-16,182,2023-09-01,2023-09-30,710,5495.0,2765,2730.0,195
265,2023-09-17,215,2023-09-01,2023-09-30,710,5495.0,2980,2515.0,194
265,2023-09-18,228,2023-09-01,2023-09-30,710,5495.0,3208,2287.0,191
265,2023-09-19,199,2023-09-01,2023-09-30,710,5495.0,3407,2088.0,190
265,2023-09-20,190,2023-09-01,2023-09-30,710,5495.0,3597,1898.0,190
265,2023-09-21,162,2023-09-01,2023-09-30,710,5495.0,3759,1736.0,193
265,2023-09-22,138,2023-09-01,2023-09-30,710,5495.0,3897,1598.0,200
265,2023-09-23,200,2023-09-01,2023-09-30,710,5495.0,4097,1398.0,200
265,2023-09-24,196,2023-09-01,2023-09-30,710,5495.0,4293,1202.0,201
265,2023-09-25,143,2023-09-01,2023-09-30,710,5495.0,4436,1059.0,212
265,2023-09-25,143,2023-09-01,2023-09-30,710,5495.0,4579,916.0,184
265,2023-09-26,130,2023-09-01,2023-09-30,710,5495.0,4709,786.0,197
265,2023-09-27,169,2023-09-01,2023-09-30,710,5495.0,4878,617.0,206
265,2023-09-28,164,2023-09-01,2023-09-30,710,5495.0,5042,453.0,227
265,2023-10-02,16,2023-10-02,2023-10-31,902,5495.0,16,5479.0,189
273,2023-09-01,42,2023-09-01,2023-09-30,825,1575.0,42,1533.0,53
273,2023-09-02,41,2023-09-01,2023-09-30,825,1575.0,83,1492.0,54
273,2023-09-03,41,2023-09-01,2023-09-30,825,1575.0,124,1451.0,54
273,2023-09-04,38,2023-09-01,2023-09-30,825,1575.0,162,1413.0,55
273,2023-09-05,11,2023-09-01,2023-09-30,825,1575.0,173,1402.0,57
273,2023-09-06,7,2023-09-01,2023-09-30,825,1575.0,180,1395.0,59
273,2023-09-07,6,2023-09-01,2023-09-30,825,1575.0,186,1389.0,61
273,2023-09-08,10,2023-09-01,2023-09-30,825,1575.0,196,1379.0,63
273,2023-09-09,11,2023-09-01,2023-09-30,825,1575.0,207,1368.0,66
273,2023-09-10,6,2023-09-01,2023-09-30,825,1575.0,213,1362.0,69
273,2023-09-11,13,2023-09-01,2023-09-30,825,1575.0,226,1349.0,71
273,2023-09-12,43,2023-09-01,2023-09-30,825,1575.0,269,1306.0,73
273,2023-09-14,43,2023-09-01,2023-09-30,825,1575.0,312,1263.0,79
273,2023-09-15,50,2023-09-01,2023-09-30,825,1575.0,362,1213.0,81
273,2023-09-16,55,2023-09-01,2023-09-30,825,1575.0,417,1158.0,83
273,2023-09-17,80,2023-09-01,2023-09-30,825,1575.0,497,1078.0,83
273,2023-09-18,83,2023-09-01,2023-09-30,825,1575.0,580,995.0,83
273,2023-09-19,63,2023-09-01,2023-09-30,825,1575.0,643,932.0,85
273,2023-09-20,66,2023-09-01,2023-09-30,825,1575.0,709,866.0,87
273,2023-09-21,75,2023-09-01,2023-09-30,825,1575.0,784,791.0,88
273,2023-09-22,56,2023-09-01,2023-09-30,825,1575.0,840,735.0,92
273,2023-09-23,93,2023-09-01,2023-09-30,825,1575.0,933,642.0,92
273,2023-09-24,76,2023-09-01,2023-09-30,825,1575.0,1009,566.0,95
273,2023-09-25,68,2023-09-01,2023-09-30,825,1575.0,1077,498.0,100
273,2023-09-25,68,2023-09-01,2023-09-30,825,1575.0,1145,430.0,86
273,2023-09-26,52,2023-09-01,2023-09-30,825,1575.0,1197,378.0,95
273,2023-09-27,58,2023-09-01,2023-09-30,825,1575.0,1255,320.0,107
273,2023-09-28,63,2023-09-01,2023-09-30,825,1575.0,1318,257.0,129
273,2023-10-04,73,2023-10-01,2023-10-31,917,2044.0,73,1971.0,73
273,2023-10-05,76,2023-10-01,2023-10-31,917,2044.0,149,1895.0,73
273,2023-10-06,56,2023-10-01,2023-10-31,917,2044.0,205,1839.0,74
273,2023-10-07,66,2023-10-01,2023-10-31,917,2044.0,271,1773.0,74
273,2023-10-08,81,2023-10-01,2023-10-31,917,2044.0,352,1692.0,74
273,2023-10-09,63,2023-10-01,2023-10-31,917,2044.0,415,1629.0,75
273,2023-10-10,59,2023-10-01,2023-10-31,917,2044.0,474,1570.0,75
273,2023-10-11,69,2023-10-01,2023-10-31,917,2044.0,543,1501.0,76
273,2023-10-12,48,2023-10-01,2023-10-31,917,2044.0,591,1453.0,77
274,2023-09-01,21,2023-09-01,2023-09-30,826,394.0,21,373.0,13
274,2023-09-02,13,2023-09-01,2023-09-30,826,394.0,34,360.0,13
274,2023-09-03,13,2023-09-01,2023-09-30,826,394.0,47,347.0,13
274,2023-09-04,19,2023-09-01,2023-09-30,826,394.0,66,328.0,13
274,2023-09-05,14,2023-09-01,2023-09-30,826,394.0,80,314.0,13
274,2023-09-06,17,2023-09-01,2023-09-30,826,394.0,97,297.0,13
274,2023-09-07,11,2023-09-01,2023-09-30,826,394.0,108,286.0,13
274,2023-09-08,14,2023-09-01,2023-09-30,826,394.0,122,272.0,13
274,2023-09-09,18,2023-09-01,2023-09-30,826,394.0,140,254.0,13
274,2023-09-10,14,2023-09-01,2023-09-30,826,394.0,154,240.0,12
274,2023-09-11,13,2023-09-01,2023-09-30,826,394.0,167,227.0,12
274,2023-09-12,13,2023-09-01,2023-09-30,826,394.0,180,214.0,12
274,2023-09-14,12,2023-09-01,2023-09-30,826,394.0,192,202.0,13
274,2023-09-15,9,2023-09-01,2023-09-30,826,394.0,201,193.0,13
274,2023-09-16,4,2023-09-01,2023-09-30,826,394.0,205,189.0,14
274,2023-09-17,22,2023-09-01,2023-09-30,826,394.0,227,167.0,13
274,2023-09-18,14,2023-09-01,2023-09-30,826,394.0,241,153.0,13
274,2023-09-19,11,2023-09-01,2023-09-30,826,394.0,252,142.0,13
274,2023-09-20,7,2023-09-01,2023-09-30,826,394.0,259,135.0,14
274,2023-09-21,13,2023-09-01,2023-09-30,826,394.0,272,122.0,14
274,2023-09-22,7,2023-09-01,2023-09-30,826,394.0,279,115.0,15
274,2023-09-23,15,2023-09-01,2023-09-30,826,394.0,294,100.0,15
274,2023-09-24,12,2023-09-01,2023-09-30,826,394.0,306,88.0,15
274,2023-09-25,15,2023-09-01,2023-09-30,826,394.0,321,73.0,15
274,2023-09-25,15,2023-09-01,2023-09-30,826,394.0,336,58.0,12
274,2023-09-26,8,2023-09-01,2023-09-30,826,394.0,344,50.0,13
274,2023-09-27,4,2023-09-01,2023-09-30,826,394.0,348,46.0,16
274,2023-09-28,14,2023-09-01,2023-09-30,826,394.0,362,32.0,16
274,2023-10-04,14,2023-10-01,2023-10-31,918,409.0,14,395.0,15
274,2023-10-05,20,2023-10-01,2023-10-31,918,409.0,34,375.0,15
274,2023-10-06,13,2023-10-01,2023-10-31,918,409.0,47,362.0,15
274,2023-10-07,13,2023-10-01,2023-10-31,918,409.0,60,349.0,15
274,2023-10-08,13,2023-10-01,2023-10-31,918,409.0,73,336.0,15
274,2023-10-09,19,2023-10-01,2023-10-31,918,409.0,92,317.0,15
274,2023-10-10,8,2023-10-01,2023-10-31,918,409.0,100,309.0,15
274,2023-10-11,13,2023-10-01,2023-10-31,918,409.0,113,296.0,15
274,2023-10-12,6,2023-10-01,2023-10-31,918,409.0,119,290.0,16
275,2023-09-01,15,2023-09-01,2023-09-30,820,1208.0,15,1193.0,42
275,2023-09-02,16,2023-09-01,2023-09-30,820,1208.0,31,1177.0,43
275,2023-09-03,29,2023-09-01,2023-09-30,820,1208.0,60,1148.0,43
275,2023-09-04,25,2023-09-01,2023-09-30,820,1208.0,85,1123.0,44
275,2023-09-05,23,2023-09-01,2023-09-30,820,1208.0,108,1100.0,44
275,2023-09-06,43,2023-09-01,2023-09-30,820,1208.0,151,1057.0,45
275,2023-09-07,39,2023-09-01,2023-09-30,820,1208.0,190,1018.0,45
275,2023-09-08,45,2023-09-01,2023-09-30,820,1208.0,235,973.0,45
275,2023-09-09,43,2023-09-01,2023-09-30,820,1208.0,278,930.0,45
275,2023-09-10,52,2023-09-01,2023-09-30,820,1208.0,330,878.0,44
275,2023-09-11,32,2023-09-01,2023-09-30,820,1208.0,362,846.0,45
275,2023-09-12,30,2023-09-01,2023-09-30,820,1208.0,392,816.0,46
275,2023-09-14,37,2023-09-01,2023-09-30,820,1208.0,429,779.0,49
275,2023-09-15,37,2023-09-01,2023-09-30,820,1208.0,466,742.0,50
275,2023-09-16,45,2023-09-01,2023-09-30,820,1208.0,511,697.0,50
275,2023-09-17,62,2023-09-01,2023-09-30,820,1208.0,573,635.0,49
275,2023-09-18,52,2023-09-01,2023-09-30,820,1208.0,625,583.0,49
275,2023-09-19,39,2023-09-01,2023-09-30,820,1208.0,664,544.0,50
275,2023-09-20,57,2023-09-01,2023-09-30,820,1208.0,721,487.0,49
275,2023-09-21,59,2023-09-01,2023-09-30,820,1208.0,780,428.0,48
275,2023-09-22,54,2023-09-01,2023-09-30,820,1208.0,834,374.0,47
275,2023-09-23,73,2023-09-01,2023-09-30,820,1208.0,907,301.0,43
275,2023-09-24,78,2023-09-01,2023-09-30,820,1208.0,985,223.0,38
275,2023-09-25,66,2023-09-01,2023-09-30,820,1208.0,1051,157.0,32
275,2023-09-25,66,2023-09-01,2023-09-30,820,1208.0,1117,91.0,19
275,2023-09-26,84,2023-09-01,2023-09-30,820,1458.0,1201,257.0,65
275,2023-09-27,74,2023-09-01,2023-09-30,820,1458.0,1275,183.0,61
275,2023-09-28,98,2023-09-01,2023-09-30,820,1458.0,1373,85.0,43
275,2023-10-04,83,2023-10-01,2023-10-31,914,1468.0,83,1385.0,52
275,2023-10-05,60,2023-10-01,2023-10-31,914,1468.0,143,1325.0,51
275,2023-10-06,66,2023-10-01,2023-10-31,914,1468.0,209,1259.0,51
275,2023-10-07,78,2023-10-01,2023-10-31,914,1468.0,287,1181.0,50
275,2023-10-08,91,2023-10-01,2023-10-31,914,1468.0,378,1090.0,48
275,2023-10-09,70,2023-10-01,2023-10-31,914,1468.0,448,1020.0,47
275,2023-10-10,59,2023-10-01,2023-10-31,914,1468.0,507,961.0,46
275,2023-10-11,46,2023-10-01,2023-10-31,914,1468.0,553,915.0,46
275,2023-10-12,40,2023-10-01,2023-10-31,914,1468.0,593,875.0,47
281,2023-09-01,41,2023-09-01,2023-09-30,812,3186.0,41,3145.0,109
281,2023-09-02,42,2023-09-01,2023-09-30,812,3186.0,83,3103.0,111
281,2023-09-03,51,2023-09-01,2023-09-30,812,3186.0,134,3052.0,114
281,2023-09-04,47,2023-09-01,2023-09-30,812,3186.0,181,3005.0,116
281,2023-09-05,83,2023-09-01,2023-09-30,812,3186.0,264,2922.0,117
281,2023-09-06,80,2023-09-01,2023-09-30,812,3186.0,344,2842.0,119
281,2023-09-07,103,2023-09-01,2023-09-30,812,3186.0,447,2739.0,120
281,2023-09-08,154,2023-09-01,2023-09-30,812,3186.0,601,2585.0,118
281,2023-09-09,102,2023-09-01,2023-09-30,812,3186.0,703,2483.0,119
281,2023-09-10,150,2023-09-01,2023-09-30,812,3186.0,853,2333.0,117
281,2023-09-11,146,2023-09-01,2023-09-30,812,3186.0,999,2187.0,116
281,2023-09-12,125,2023-09-01,2023-09-30,812,3186.0,1124,2062.0,115
281,2023-09-14,161,2023-09-01,2023-09-30,812,3186.0,1285,1901.0,119
281,2023-09-15,144,2023-09-01,2023-09-30,812,3186.0,1429,1757.0,118
281,2023-09-16,130,2023-09-01,2023-09-30,812,3186.0,1559,1627.0,117
281,2023-09-17,148,2023-09-01,2023-09-30,812,3186.0,1707,1479.0,114
281,2023-09-18,166,2023-09-01,2023-09-30,812,3186.0,1873,1313.0,110
281,2023-09-19,150,2023-09-01,2023-09-30,812,3186.0,2023,1163.0,106
281,2023-09-20,187,2023-09-01,2023-09-30,812,3186.0,2210,976.0,98
281,2023-09-21,164,2023-09-01,2023-09-30,812,3186.0,2374,812.0,91
281,2023-09-22,176,2023-09-01,2023-09-30,812,3186.0,2550,636.0,80
281,2023-09-23,197,2023-09-01,2023-09-30,812,3186.0,2747,439.0,63
281,2023-09-24,184,2023-09-01,2023-09-30,812,3186.0,2931,255.0,43
281,2023-09-25,167,2023-09-01,2023-09-30,812,3186.0,3098,88.0,18
281,2023-09-25,167,2023-09-01,2023-09-30,812,3186.0,3265,-79.0,-15
281,2023-09-26,138,2023-09-01,2023-09-30,812,4048.0,3403,645.0,162
281,2023-09-27,180,2023-09-01,2023-09-30,812,4048.0,3583,465.0,155
281,2023-09-28,188,2023-09-01,2023-09-30,812,4048.0,3771,277.0,139
281,2023-10-04,183,2023-10-01,2023-10-31,919,4025.0,183,3842.0,143
281,2023-10-05,164,2023-10-01,2023-10-31,919,4025.0,347,3678.0,142
281,2023-10-06,149,2023-10-01,2023-10-31,919,4025.0,496,3529.0,142
281,2023-10-07,203,2023-10-01,2023-10-31,919,4025.0,699,3326.0,139
281,2023-10-08,234,2023-10-01,2023-10-31,919,4025.0,933,3092.0,135
281,2023-10-09,206,2023-10-01,2023-10-31,919,4025.0,1139,2886.0,132
281,2023-10-10,158,2023-10-01,2023-10-31,919,4025.0,1297,2728.0,130
281,2023-10-11,113,2023-10-01,2023-10-31,919,4025.0,1410,2615.0,131
281,2023-10-12,125,2023-10-01,2023-10-31,919,4025.0,1535,2490.0,132
283,2023-09-01,37,2023-09-01,2023-09-30,733,4051.0,37,4014.0,139
283,2023-09-02,36,2023-09-01,2023-09-30,733,4051.0,73,3978.0,143
283,2023-09-03,50,2023-09-01,2023-09-30,733,4051.0,123,3928.0,146
283,2023-09-04,34,2023-09-01,2023-09-30,733,4051.0,157,3894.0,150
283,2023-09-05,35,2023-09-01,2023-09-30,733,4051.0,192,3859.0,155
283,2023-09-06,44,2023-09-01,2023-09-30,733,4051.0,236,3815.0,159
283,2023-09-07,104,2023-09-01,2023-09-30,733,4051.0,340,3711.0,162
283,2023-09-08,110,2023-09-01,2023-09-30,733,4051.0,450,3601.0,164
283,2023-09-09,113,2023-09-01,2023-09-30,733,4051.0,563,3488.0,167
283,2023-09-10,155,2023-09-01,2023-09-30,733,4051.0,718,3333.0,167
283,2023-09-11,130,2023-09-01,2023-09-30,733,4051.0,848,3203.0,169
283,2023-09-12,144,2023-09-01,2023-09-30,733,4051.0,992,3059.0,170
283,2023-09-14,142,2023-09-01,2023-09-30,733,4051.0,1134,2917.0,183
283,2023-09-15,173,2023-09-01,2023-09-30,733,4051.0,1307,2744.0,183
283,2023-09-16,178,2023-09-01,2023-09-30,733,4051.0,1485,2566.0,184
283,2023-09-17,194,2023-09-01,2023-09-30,733,4051.0,1679,2372.0,183
283,2023-09-18,166,2023-09-01,2023-09-30,733,4051.0,1845,2206.0,184
283,2023-09-19,178,2023-09-01,2023-09-30,733,4051.0,2023,2028.0,185
283,2023-09-20,163,2023-09-01,2023-09-30,733,4051.0,2186,1865.0,187
283,2023-09-21,178,2023-09-01,2023-09-30,733,4051.0,2364,1687.0,188
283,2023-09-22,178,2023-09-01,2023-09-30,733,4051.0,2542,1509.0,189
283,2023-09-23,137,2023-09-01,2023-09-30,733,4051.0,2679,1372.0,196
283,2023-09-24,212,2023-09-01,2023-09-30,733,4051.0,2891,1160.0,194
283,2023-09-25,197,2023-09-01,2023-09-30,733,4051.0,3088,963.0,193
283,2023-09-25,197,2023-09-01,2023-09-30,733,4051.0,3285,766.0,154
283,2023-09-26,202,2023-09-01,2023-09-30,733,3989.0,3487,502.0,126
283,2023-09-27,169,2023-09-01,2023-09-30,733,3989.0,3656,333.0,111
283,2023-09-28,70,2023-09-01,2023-09-30,733,3989.0,3726,263.0,132
283,2023-09-30,89,2023-09-01,2023-09-30,733,3989.0,3815,174.0,174
283,2023-10-01,118,2023-10-01,2023-10-31,734,4051.0,118,3933.0,132
283,2023-10-02,151,2023-10-01,2023-10-31,734,4051.0,269,3782.0,131
283,2023-10-03,154,2023-10-01,2023-10-31,734,4051.0,423,3628.0,130
283,2023-10-04,151,2023-10-01,2023-10-31,734,4051.0,574,3477.0,129
283,2023-10-05,137,2023-10-01,2023-10-31,734,4051.0,711,3340.0,129
283,2023-10-06,171,2023-10-01,2023-10-31,734,4051.0,882,3169.0,127
283,2023-10-07,154,2023-10-01,2023-10-31,734,4051.0,1036,3015.0,126
283,2023-10-08,209,2023-10-01,2023-10-31,734,4051.0,1245,2806.0,122
283,2023-10-09,218,2023-10-01,2023-10-31,734,4051.0,1463,2588.0,118
283,2023-10-10,147,2023-10-01,2023-10-31,734,4051.0,1610,2441.0,117
283,2023-10-11,191,2023-10-01,2023-10-31,734,4051.0,1801,2250.0,113
283,2023-10-12,161,2023-10-01,2023-10-31,734,4051.0,1962,2089.0,110
284,2023-09-01,17,2023-09-01,2023-09-30,741,526.0,17,509.0,18
284,2023-09-02,15,2023-09-01,2023-09-30,741,526.0,32,494.0,18
284,2023-09-03,19,2023-09-01,2023-09-30,741,526.0,51,475.0,18
284,2023-09-04,27,2023-09-01,2023-09-30,741,526.0,78,448.0,18
284,2023-09-05,26,2023-09-01,2023-09-30,741,526.0,104,422.0,17
284,2023-09-06,25,2023-09-01,2023-09-30,741,526.0,129,397.0,17
284,2023-09-07,17,2023-09-01,2023-09-30,741,526.0,146,380.0,17
284,2023-09-08,21,2023-09-01,2023-09-30,741,526.0,167,359.0,17
284,2023-09-11,18,2023-09-01,2023-09-30,741,526.0,185,341.0,18
284,2023-09-12,16,2023-09-01,2023-09-30,741,526.0,201,325.0,19
284,2023-09-14,26,2023-09-01,2023-09-30,741,526.0,227,299.0,19
284,2023-09-15,19,2023-09-01,2023-09-30,741,526.0,246,280.0,19
284,2023-09-16,17,2023-09-01,2023-09-30,741,526.0,263,263.0,19
284,2023-09-17,20,2023-09-01,2023-09-30,741,526.0,283,243.0,19
284,2023-09-18,21,2023-09-01,2023-09-30,741,526.0,304,222.0,19
284,2023-09-19,18,2023-09-01,2023-09-30,741,526.0,322,204.0,19
284,2023-09-20,25,2023-09-01,2023-09-30,741,526.0,347,179.0,18
284,2023-09-21,19,2023-09-01,2023-09-30,741,526.0,366,160.0,18
284,2023-09-22,11,2023-09-01,2023-09-30,741,526.0,377,149.0,19
284,2023-09-23,13,2023-09-01,2023-09-30,741,526.0,390,136.0,20
284,2023-09-24,11,2023-09-01,2023-09-30,741,526.0,401,125.0,21
284,2023-09-25,14,2023-09-01,2023-09-30,741,526.0,415,111.0,23
284,2023-09-26,12,2023-09-01,2023-09-30,741,526.0,427,99.0,25
284,2023-09-27,13,2023-09-01,2023-09-30,741,526.0,440,86.0,29
284,2023-09-28,18,2023-09-01,2023-09-30,741,526.0,458,68.0,34
284,2023-09-30,9,2023-09-01,2023-09-30,741,526.0,467,59.0,59
284,2023-10-01,24,2023-10-01,2023-10-31,805,526.0,24,502.0,17
284,2023-10-02,30,2023-10-01,2023-10-31,805,526.0,54,472.0,17
284,2023-10-03,13,2023-10-01,2023-10-31,805,526.0,67,459.0,17
284,2023-10-04,20,2023-10-01,2023-10-31,805,526.0,87,439.0,17
284,2023-10-05,26,2023-10-01,2023-10-31,805,526.0,113,413.0,16
284,2023-10-06,19,2023-10-01,2023-10-31,805,526.0,132,394.0,16
284,2023-10-07,31,2023-10-01,2023-10-31,805,526.0,163,363.0,16
284,2023-10-08,24,2023-10-01,2023-10-31,805,526.0,187,339.0,15
284,2023-10-09,30,2023-10-01,2023-10-31,805,526.0,217,309.0,15
284,2023-10-10,15,2023-10-01,2023-10-31,805,526.0,232,294.0,14
284,2023-10-11,8,2023-10-01,2023-10-31,805,526.0,240,286.0,15
284,2023-10-12,9,2023-10-01,2023-10-31,805,526.0,249,277.0,15
285,2023-09-01,1,2023-09-01,2023-09-30,832,200.0,1,199.0,7
285,2023-09-02,3,2023-09-01,2023-09-30,832,200.0,4,196.0,7
285,2023-09-03,1,2023-09-01,2023-09-30,832,200.0,5,195.0,8
285,2023-09-04,2,2023-09-01,2023-09-30,832,200.0,7,193.0,8
285,2023-09-05,0,2023-09-01,2023-09-30,832,200.0,7,193.0,8
285,2023-09-06,0,2023-09-01,2023-09-30,832,200.0,7,193.0,9
285,2023-09-07,0,2023-09-01,2023-09-30,832,200.0,7,193.0,9
285,2023-09-08,1,2023-09-01,2023-09-30,832,200.0,8,192.0,9
285,2023-09-09,0,2023-09-01,2023-09-30,832,200.0,8,192.0,10
285,2023-09-10,0,2023-09-01,2023-09-30,832,200.0,8,192.0,10
285,2023-09-11,1,2023-09-01,2023-09-30,832,200.0,9,191.0,11
285,2023-09-12,1,2023-09-01,2023-09-30,832,200.0,10,190.0,11
285,2023-09-14,0,2023-09-01,2023-09-30,832,200.0,10,190.0,12
285,2023-09-15,1,2023-09-01,2023-09-30,832,200.0,11,189.0,13
285,2023-09-16,0,2023-09-01,2023-09-30,832,200.0,11,189.0,14
285,2023-09-17,1,2023-09-01,2023-09-30,832,200.0,12,188.0,15
285,2023-09-18,0,2023-09-01,2023-09-30,832,200.0,12,188.0,16
285,2023-09-19,0,2023-09-01,2023-09-30,832,200.0,12,188.0,18
285,2023-09-20,0,2023-09-01,2023-09-30,832,200.0,12,188.0,19
285,2023-09-21,3,2023-09-01,2023-09-30,832,200.0,15,185.0,21
285,2023-09-22,2,2023-09-01,2023-09-30,832,200.0,17,183.0,23
285,2023-09-23,0,2023-09-01,2023-09-30,832,200.0,17,183.0,27
285,2023-09-24,0,2023-09-01,2023-09-30,832,200.0,17,183.0,31
285,2023-09-25,1,2023-09-01,2023-09-30,832,200.0,18,182.0,37
285,2023-09-26,0,2023-09-01,2023-09-30,832,200.0,18,182.0,46
285,2023-09-27,0,2023-09-01,2023-09-30,832,200.0,18,182.0,61
285,2023-09-28,0,2023-09-01,2023-09-30,832,200.0,18,182.0,91
290,2023-09-01,553,2023-09-01,2023-09-30,748,32407.0,553,31854.0,1099
290,2023-09-02,618,2023-09-01,2023-09-30,748,32407.0,1171,31236.0,1116
290,2023-09-03,628,2023-09-01,2023-09-30,748,32407.0,1799,30608.0,1134
290,2023-09-04,615,2023-09-01,2023-09-30,748,32407.0,2414,29993.0,1154
290,2023-09-05,535,2023-09-01,2023-09-30,748,32407.0,2949,29458.0,1179
290,2023-09-06,470,2023-09-01,2023-09-30,748,32407.0,3419,28988.0,1208
290,2023-09-07,474,2023-09-01,2023-09-30,748,32407.0,3893,28514.0,1240
290,2023-09-08,455,2023-09-01,2023-09-30,748,32407.0,4348,28059.0,1276
290,2023-09-09,469,2023-09-01,2023-09-30,748,32407.0,4817,27590.0,1314
290,2023-09-10,537,2023-09-01,2023-09-30,748,32407.0,5354,27053.0,1353
290,2023-09-11,558,2023-09-01,2023-09-30,748,32407.0,5912,26495.0,1395
290,2023-09-12,532,2023-09-01,2023-09-30,748,32407.0,6444,25963.0,1443
290,2023-09-14,304,2023-09-01,2023-09-30,748,32407.0,6748,25659.0,1604
290,2023-09-15,438,2023-09-01,2023-09-30,748,32407.0,7186,25221.0,1682
290,2023-09-16,495,2023-09-01,2023-09-30,748,32407.0,7681,24726.0,1767
290,2023-09-17,542,2023-09-01,2023-09-30,748,32407.0,8223,24184.0,1861
290,2023-09-18,482,2023-09-01,2023-09-30,748,32407.0,8705,23702.0,1976
290,2023-09-19,478,2023-09-01,2023-09-30,748,32407.0,9183,23224.0,2112
290,2023-09-20,452,2023-09-01,2023-09-30,748,32407.0,9635,22772.0,2278
290,2023-09-22,147,2023-09-01,2023-09-30,748,32407.0,9782,22625.0,2829
290,2023-09-23,139,2023-09-01,2023-09-30,748,32407.0,9921,22486.0,3213
290,2023-09-24,139,2023-09-01,2023-09-30,748,32407.0,10060,22347.0,3725
290,2023-09-25,112,2023-09-01,2023-09-30,748,32407.0,10172,22235.0,4447
295,2023-09-08,95,2023-09-01,2023-09-30,849,2559.0,95,2464.0,112
295,2023-09-09,86,2023-09-01,2023-09-30,849,2559.0,181,2378.0,114
295,2023-09-10,86,2023-09-01,2023-09-30,849,2559.0,267,2292.0,115
295,2023-09-11,86,2023-09-01,2023-09-30,849,2559.0,353,2206.0,117
295,2023-09-12,84,2023-09-01,2023-09-30,849,2559.0,437,2122.0,118
295,2023-09-14,92,2023-09-01,2023-09-30,849,2559.0,529,2030.0,127
295,2023-09-15,86,2023-09-01,2023-09-30,849,2559.0,615,1944.0,130
295,2023-09-16,85,2023-09-01,2023-09-30,849,2559.0,700,1859.0,133
295,2023-09-17,84,2023-09-01,2023-09-30,849,2559.0,784,1775.0,137
295,2023-09-18,85,2023-09-01,2023-09-30,849,2559.0,869,1690.0,141
295,2023-09-19,86,2023-09-01,2023-09-30,849,2559.0,955,1604.0,146
295,2023-09-20,84,2023-09-01,2023-09-30,849,2559.0,1039,1520.0,152
295,2023-09-21,85,2023-09-01,2023-09-30,849,2559.0,1124,1435.0,160
295,2023-09-22,81,2023-09-01,2023-09-30,849,2559.0,1205,1354.0,170
295,2023-09-23,84,2023-09-01,2023-09-30,849,2559.0,1289,1270.0,182
295,2023-09-24,85,2023-09-01,2023-09-30,849,2559.0,1374,1185.0,198
295,2023-09-25,84,2023-09-01,2023-09-30,849,2559.0,1458,1101.0,221
295,2023-09-26,83,2023-09-01,2023-09-30,849,2559.0,1541,1018.0,255
295,2023-09-27,85,2023-09-01,2023-09-30,849,2559.0,1626,933.0,311
295,2023-09-28,86,2023-09-01,2023-09-30,849,2559.0,1712,847.0,424
295,2023-09-30,83,2023-09-01,2023-09-30,849,2559.0,1795,764.0,764
295,2023-10-01,76,2023-10-01,2023-10-18,850,1500.0,76,1424.0,84
295,2023-10-02,58,2023-10-01,2023-10-18,850,1500.0,134,1366.0,86
295,2023-10-03,76,2023-10-01,2023-10-18,850,1500.0,210,1290.0,86
295,2023-10-04,76,2023-10-01,2023-10-18,850,1500.0,286,1214.0,87
295,2023-10-05,70,2023-10-01,2023-10-18,850,1500.0,356,1144.0,88
295,2023-10-06,78,2023-10-01,2023-10-18,850,1500.0,434,1066.0,89
295,2023-10-07,77,2023-10-01,2023-10-18,850,1500.0,511,989.0,90
295,2023-10-08,77,2023-10-01,2023-10-18,850,1500.0,588,912.0,92
295,2023-10-09,80,2023-10-01,2023-10-18,850,1500.0,668,832.0,93
295,2023-10-10,78,2023-10-01,2023-10-18,850,1500.0,746,754.0,95
295,2023-10-11,77,2023-10-01,2023-10-18,850,1500.0,823,677.0,97
295,2023-10-12,76,2023-10-01,2023-10-18,850,1500.0,899,601.0,101
296,2023-09-01,4393,2023-09-01,2023-09-30,809,164742.0,4393,160349.0,5530
296,2023-09-02,4653,2023-09-01,2023-09-30,809,164742.0,9046,155696.0,5561
296,2023-09-03,5351,2023-09-01,2023-09-30,809,164742.0,14397,150345.0,5569
296,2023-09-04,5005,2023-09-01,2023-09-30,809,164742.0,19402,145340.0,5590
296,2023-09-05,3082,2023-09-01,2023-09-30,809,164742.0,22484,142258.0,5691
296,2023-09-06,2958,2023-09-01,2023-09-30,809,164742.0,25442,139300.0,5805
296,2023-09-07,3506,2023-09-01,2023-09-30,809,164742.0,28948,135794.0,5905
296,2023-09-08,3462,2023-09-01,2023-09-30,809,164742.0,32410,132332.0,6016
296,2023-09-09,3383,2023-09-01,2023-09-30,809,164742.0,35793,128949.0,6141
296,2023-09-10,4225,2023-09-01,2023-09-30,809,164742.0,40018,124724.0,6237
296,2023-09-11,3328,2023-09-01,2023-09-30,809,164742.0,43346,121396.0,6390
296,2023-09-12,3202,2023-09-01,2023-09-30,809,164742.0,46548,118194.0,6567
296,2023-09-13,24,2023-09-01,2023-09-30,809,164742.0,46572,118170.0,6952
296,2023-09-14,5351,2023-09-01,2023-09-30,809,164742.0,51923,112819.0,7052
296,2023-09-15,5291,2023-09-01,2023-09-30,809,164742.0,57214,107528.0,7169
296,2023-09-16,4685,2023-09-01,2023-09-30,809,164742.0,61899,102843.0,7346
296,2023-09-17,5119,2023-09-01,2023-09-30,809,164742.0,67018,97724.0,7518
296,2023-09-18,4983,2023-09-01,2023-09-30,809,164742.0,72001,92741.0,7729
296,2023-09-19,4842,2023-09-01,2023-09-30,809,164742.0,76843,87899.0,7991
296,2023-09-20,3840,2023-09-01,2023-09-30,809,164742.0,80683,84059.0,8406
296,2023-09-21,1985,2023-09-01,2023-09-30,809,164742.0,82668,82074.0,9120
296,2023-09-22,2183,2023-09-01,2023-09-30,809,164742.0,84851,79891.0,9987
296,2023-09-23,2496,2023-09-01,2023-09-30,809,164742.0,87347,77395.0,11057
296,2023-09-24,3817,2023-09-01,2023-09-30,809,164742.0,91164,73578.0,12263
297,2023-09-01,406,2023-09-01,2023-09-30,760,18829.0,406,18423.0,636
297,2023-09-02,554,2023-09-01,2023-09-30,760,18829.0,960,17869.0,639
297,2023-09-03,509,2023-09-01,2023-09-30,760,18829.0,1469,17360.0,643
297,2023-09-04,555,2023-09-01,2023-09-30,760,18829.0,2024,16805.0,647
297,2023-09-05,768,2023-09-01,2023-09-30,760,18829.0,2792,16037.0,642
297,2023-09-06,705,2023-09-01,2023-09-30,760,18829.0,3497,15332.0,639
297,2023-09-07,686,2023-09-01,2023-09-30,760,18829.0,4183,14646.0,637
297,2023-09-08,659,2023-09-01,2023-09-30,760,18829.0,4842,13987.0,636
297,2023-09-09,716,2023-09-01,2023-09-30,760,18829.0,5558,13271.0,632
297,2023-09-10,544,2023-09-01,2023-09-30,760,18829.0,6102,12727.0,637
297,2023-09-11,328,2023-09-01,2023-09-30,760,18829.0,6430,12399.0,653
297,2023-09-12,370,2023-09-01,2023-09-30,760,18829.0,6800,12029.0,669
297,2023-09-13,0,2023-09-01,2023-09-30,760,18829.0,6800,12029.0,708
297,2023-09-14,220,2023-09-01,2023-09-30,760,18829.0,7020,11809.0,739
297,2023-09-15,294,2023-09-01,2023-09-30,760,18829.0,7314,11515.0,768
297,2023-09-16,409,2023-09-01,2023-09-30,760,18829.0,7723,11106.0,794
297,2023-09-17,495,2023-09-01,2023-09-30,760,18829.0,8218,10611.0,817
297,2023-09-18,562,2023-09-01,2023-09-30,760,18829.0,8780,10049.0,838
297,2023-09-19,503,2023-09-01,2023-09-30,760,18829.0,9283,9546.0,868
297,2023-09-20,459,2023-09-01,2023-09-30,760,18829.0,9742,9087.0,909
297,2023-09-21,434,2023-09-01,2023-09-30,760,18829.0,10176,8653.0,962
297,2023-09-22,391,2023-09-01,2023-09-30,760,18829.0,10567,8262.0,1033
297,2023-09-23,368,2023-09-01,2023-09-30,760,18829.0,10935,7894.0,1128
297,2023-09-24,457,2023-09-01,2023-09-30,760,18829.0,11392,7437.0,1240
297,2023-09-25,547,2023-09-01,2023-09-30,760,18829.0,11939,6890.0,1378
297,2023-09-26,541,2023-09-01,2023-09-30,760,18829.0,12480,6349.0,1588
297,2023-09-27,610,2023-09-01,2023-09-30,760,18829.0,13090,5739.0,1913
297,2023-09-28,595,2023-09-01,2023-09-30,760,18829.0,13685,5144.0,2572
297,2023-09-30,597,2023-09-01,2023-09-30,760,18829.0,14282,4547.0,4547
297,2023-10-01,773,2023-10-01,2023-10-24,761,14556.0,773,13783.0,600
297,2023-10-02,723,2023-10-01,2023-10-24,761,14556.0,1496,13060.0,594
297,2023-10-03,729,2023-10-01,2023-10-24,761,14556.0,2225,12331.0,588
297,2023-10-04,632,2023-10-01,2023-10-24,761,14556.0,2857,11699.0,585
297,2023-10-05,614,2023-10-01,2023-10-24,761,14556.0,3471,11085.0,584
297,2023-10-06,664,2023-10-01,2023-10-24,761,14556.0,4135,10421.0,579
297,2023-10-07,643,2023-10-01,2023-10-24,761,14556.0,4778,9778.0,576
297,2023-10-08,822,2023-10-01,2023-10-24,761,14556.0,5600,8956.0,560
297,2023-10-09,750,2023-10-01,2023-10-24,761,14556.0,6350,8206.0,548
297,2023-10-10,466,2023-10-01,2023-10-24,761,14556.0,6816,7740.0,553
297,2023-10-11,400,2023-10-01,2023-10-24,761,14556.0,7216,7340.0,565
297,2023-10-12,425,2023-10-01,2023-10-24,761,14556.0,7641,6915.0,577
298,2023-09-01,0,2023-09-01,2023-09-30,824,26.0,0,26.0,1
298,2023-09-02,0,2023-09-01,2023-09-30,824,26.0,0,26.0,1
298,2023-09-03,4,2023-09-01,2023-09-30,824,26.0,4,22.0,1
298,2023-09-04,2,2023-09-01,2023-09-30,824,26.0,6,20.0,1
298,2023-09-05,2,2023-09-01,2023-09-30,824,26.0,8,18.0,1
298,2023-09-06,1,2023-09-01,2023-09-30,824,26.0,9,17.0,1
298,2023-09-07,1,2023-09-01,2023-09-30,824,26.0,10,16.0,1
298,2023-09-08,1,2023-09-01,2023-09-30,824,26.0,11,15.0,1
298,2023-09-09,1,2023-09-01,2023-09-30,824,26.0,12,14.0,1
298,2023-09-10,1,2023-09-01,2023-09-30,824,26.0,13,13.0,1
298,2023-09-11,0,2023-09-01,2023-09-30,824,26.0,13,13.0,1
298,2023-09-12,0,2023-09-01,2023-09-30,824,26.0,13,13.0,1
298,2023-09-14,2,2023-09-01,2023-09-30,824,26.0,15,11.0,1
298,2023-09-15,0,2023-09-01,2023-09-30,824,26.0,15,11.0,1
298,2023-09-16,2,2023-09-01,2023-09-30,824,26.0,17,9.0,1
298,2023-09-17,0,2023-09-01,2023-09-30,824,26.0,17,9.0,1
298,2023-09-18,3,2023-09-01,2023-09-30,824,26.0,20,6.0,1
298,2023-09-19,1,2023-09-01,2023-09-30,824,26.0,21,5.0,1
298,2023-09-20,2,2023-09-01,2023-09-30,824,26.0,23,3.0,1
298,2023-09-21,0,2023-09-01,2023-09-30,824,26.0,23,3.0,1
298,2023-09-22,0,2023-09-01,2023-09-30,824,26.0,23,3.0,1
298,2023-09-23,0,2023-09-01,2023-09-30,824,26.0,23,3.0,1
298,2023-09-24,0,2023-09-01,2023-09-30,824,26.0,23,3.0,1
298,2023-09-25,2,2023-09-01,2023-09-30,824,26.0,25,1.0,1
298,2023-09-26,0,2023-09-01,2023-09-30,824,26.0,25,1.0,1
298,2023-09-27,0,2023-09-01,2023-09-30,824,26.0,25,1.0,1
298,2023-09-28,0,2023-09-01,2023-09-30,824,26.0,25,1.0,1
298,2023-10-04,0,2023-10-01,2023-10-31,916,30.0,0,30.0,2
298,2023-10-05,0,2023-10-01,2023-10-31,916,30.0,0,30.0,2
298,2023-10-06,0,2023-10-01,2023-10-31,916,30.0,0,30.0,2
298,2023-10-07,1,2023-10-01,2023-10-31,916,30.0,1,29.0,2
298,2023-10-08,0,2023-10-01,2023-10-31,916,30.0,1,29.0,2
298,2023-10-09,0,2023-10-01,2023-10-31,916,30.0,1,29.0,2
298,2023-10-10,0,2023-10-01,2023-10-31,916,30.0,1,29.0,2
298,2023-10-11,1,2023-10-01,2023-10-31,916,30.0,2,28.0,2
298,2023-10-12,2,2023-10-01,2023-10-31,916,30.0,4,26.0,2
299,2023-09-01,0,2023-09-01,2023-09-30,829,36.0,0,36.0,2
299,2023-09-02,1,2023-09-01,2023-09-30,829,36.0,1,35.0,2
299,2023-09-03,0,2023-09-01,2023-09-30,829,36.0,1,35.0,2
299,2023-09-04,0,2023-09-01,2023-09-30,829,36.0,1,35.0,2
299,2023-09-05,0,2023-09-01,2023-09-30,829,36.0,1,35.0,2
299,2023-09-06,1,2023-09-01,2023-09-30,829,36.0,2,34.0,2
299,2023-09-07,1,2023-09-01,2023-09-30,829,36.0,3,33.0,2
299,2023-09-08,1,2023-09-01,2023-09-30,829,36.0,4,32.0,2
299,2023-09-09,1,2023-09-01,2023-09-30,829,36.0,5,31.0,2
299,2023-09-10,0,2023-09-01,2023-09-30,829,36.0,5,31.0,2
299,2023-09-11,1,2023-09-01,2023-09-30,829,36.0,6,30.0,2
299,2023-09-12,0,2023-09-01,2023-09-30,829,36.0,6,30.0,2
299,2023-09-14,0,2023-09-01,2023-09-30,829,36.0,6,30.0,2
299,2023-09-15,1,2023-09-01,2023-09-30,829,36.0,7,29.0,2
299,2023-09-16,0,2023-09-01,2023-09-30,829,36.0,7,29.0,3
299,2023-09-17,0,2023-09-01,2023-09-30,829,36.0,7,29.0,3
299,2023-09-18,0,2023-09-01,2023-09-30,829,36.0,7,29.0,3
299,2023-09-19,0,2023-09-01,2023-09-30,829,36.0,7,29.0,3
299,2023-09-20,0,2023-09-01,2023-09-30,829,36.0,7,29.0,3
299,2023-09-21,0,2023-09-01,2023-09-30,829,36.0,7,29.0,4
299,2023-09-22,0,2023-09-01,2023-09-30,829,36.0,7,29.0,4
299,2023-09-23,1,2023-09-01,2023-09-30,829,36.0,8,28.0,4
299,2023-09-24,0,2023-09-01,2023-09-30,829,36.0,8,28.0,5
299,2023-09-25,0,2023-09-01,2023-09-30,829,36.0,8,28.0,6
299,2023-09-26,0,2023-09-01,2023-09-30,829,36.0,8,28.0,7
299,2023-09-27,0,2023-09-01,2023-09-30,829,36.0,8,28.0,10
299,2023-09-28,0,2023-09-01,2023-09-30,829,36.0,8,28.0,14
299,2023-10-04,1,2023-10-01,2023-10-31,912,15.0,1,14.0,1
299,2023-10-05,1,2023-10-01,2023-10-31,912,15.0,2,13.0,1
299,2023-10-06,1,2023-10-01,2023-10-31,912,15.0,3,12.0,1
299,2023-10-07,1,2023-10-01,2023-10-31,912,15.0,4,11.0,1
299,2023-10-08,0,2023-10-01,2023-10-31,912,15.0,4,11.0,1
299,2023-10-09,1,2023-10-01,2023-10-31,912,15.0,5,10.0,1
299,2023-10-10,1,2023-10-01,2023-10-31,912,15.0,6,9.0,1
299,2023-10-11,0,2023-10-01,2023-10-31,912,15.0,6,9.0,1
299,2023-10-12,0,2023-10-01,2023-10-31,912,15.0,6,9.0,1
300,2023-09-01,2,2023-09-01,2023-09-30,817,86.0,2,84.0,3
300,2023-09-02,4,2023-09-01,2023-09-30,817,86.0,6,80.0,3
300,2023-09-03,2,2023-09-01,2023-09-30,817,86.0,8,78.0,3
300,2023-09-04,4,2023-09-01,2023-09-30,817,86.0,12,74.0,3
300,2023-09-05,2,2023-09-01,2023-09-30,817,86.0,14,72.0,3
300,2023-09-06,3,2023-09-01,2023-09-30,817,86.0,17,69.0,3
300,2023-09-07,6,2023-09-01,2023-09-30,817,86.0,23,63.0,3
300,2023-09-08,3,2023-09-01,2023-09-30,817,86.0,26,60.0,3
300,2023-09-09,3,2023-09-01,2023-09-30,817,86.0,29,57.0,3
300,2023-09-10,2,2023-09-01,2023-09-30,817,86.0,31,55.0,3
300,2023-09-11,3,2023-09-01,2023-09-30,817,86.0,34,52.0,3
300,2023-09-12,7,2023-09-01,2023-09-30,817,86.0,41,45.0,3
300,2023-09-14,4,2023-09-01,2023-09-30,817,86.0,45,41.0,3
300,2023-09-15,4,2023-09-01,2023-09-30,817,86.0,49,37.0,3
300,2023-09-16,9,2023-09-01,2023-09-30,817,86.0,58,28.0,2
300,2023-09-17,7,2023-09-01,2023-09-30,817,86.0,65,21.0,2
300,2023-09-18,5,2023-09-01,2023-09-30,817,86.0,70,16.0,2
300,2023-09-19,7,2023-09-01,2023-09-30,817,86.0,77,9.0,1
300,2023-09-20,7,2023-09-01,2023-09-30,817,86.0,84,2.0,1
300,2023-09-21,6,2023-09-01,2023-09-30,817,86.0,90,-4.0,0
300,2023-09-22,7,2023-09-01,2023-09-30,817,86.0,97,-11.0,-1
300,2023-09-23,6,2023-09-01,2023-09-30,817,86.0,103,-17.0,-2
300,2023-09-24,11,2023-09-01,2023-09-30,817,86.0,114,-28.0,-4
300,2023-09-25,8,2023-09-01,2023-09-30,817,86.0,122,-36.0,-7
300,2023-09-26,5,2023-09-01,2023-09-30,817,86.0,127,-41.0,-10
300,2023-09-27,6,2023-09-01,2023-09-30,817,86.0,133,-47.0,-15
300,2023-09-28,7,2023-09-01,2023-09-30,817,86.0,140,-54.0,-27
300,2023-10-04,3,2023-10-01,2023-10-31,923,120.0,3,117.0,5
300,2023-10-05,3,2023-10-01,2023-10-31,923,120.0,6,114.0,5
300,2023-10-06,9,2023-10-01,2023-10-31,923,120.0,15,105.0,5
300,2023-10-07,2,2023-10-01,2023-10-31,923,120.0,17,103.0,5
300,2023-10-08,8,2023-10-01,2023-10-31,923,120.0,25,95.0,5
300,2023-10-09,3,2023-10-01,2023-10-31,923,120.0,28,92.0,5
300,2023-10-10,6,2023-10-01,2023-10-31,923,120.0,34,86.0,5
300,2023-10-11,5,2023-10-01,2023-10-31,923,120.0,39,81.0,5
300,2023-10-12,0,2023-10-01,2023-10-31,923,120.0,39,81.0,5
301,2023-09-01,0,2023-09-01,2023-09-30,830,36.0,0,36.0,2
301,2023-09-02,1,2023-09-01,2023-09-30,830,36.0,1,35.0,2
301,2023-09-03,2,2023-09-01,2023-09-30,830,36.0,3,33.0,2
301,2023-09-04,1,2023-09-01,2023-09-30,830,36.0,4,32.0,2
301,2023-09-05,0,2023-09-01,2023-09-30,830,36.0,4,32.0,2
301,2023-09-06,0,2023-09-01,2023-09-30,830,36.0,4,32.0,2
301,2023-09-07,0,2023-09-01,2023-09-30,830,36.0,4,32.0,2
301,2023-09-08,0,2023-09-01,2023-09-30,830,36.0,4,32.0,2
301,2023-09-09,0,2023-09-01,2023-09-30,830,36.0,4,32.0,2
301,2023-09-10,1,2023-09-01,2023-09-30,830,36.0,5,31.0,2
301,2023-09-11,0,2023-09-01,2023-09-30,830,36.0,5,31.0,2
301,2023-09-12,1,2023-09-01,2023-09-30,830,36.0,6,30.0,2
301,2023-09-14,0,2023-09-01,2023-09-30,830,36.0,6,30.0,2
301,2023-09-15,0,2023-09-01,2023-09-30,830,36.0,6,30.0,2
301,2023-09-16,1,2023-09-01,2023-09-30,830,36.0,7,29.0,3
301,2023-09-17,0,2023-09-01,2023-09-30,830,36.0,7,29.0,3
301,2023-09-18,0,2023-09-01,2023-09-30,830,36.0,7,29.0,3
301,2023-09-19,0,2023-09-01,2023-09-30,830,36.0,7,29.0,3
301,2023-09-20,0,2023-09-01,2023-09-30,830,36.0,7,29.0,3
301,2023-09-21,0,2023-09-01,2023-09-30,830,36.0,7,29.0,4
301,2023-09-22,0,2023-09-01,2023-09-30,830,36.0,7,29.0,4
301,2023-09-23,0,2023-09-01,2023-09-30,830,36.0,7,29.0,5
301,2023-09-24,0,2023-09-01,2023-09-30,830,36.0,7,29.0,5
301,2023-09-25,0,2023-09-01,2023-09-30,830,36.0,7,29.0,6
301,2023-09-26,0,2023-09-01,2023-09-30,830,36.0,7,29.0,8
301,2023-09-27,0,2023-09-01,2023-09-30,830,36.0,7,29.0,10
301,2023-09-28,1,2023-09-01,2023-09-30,830,36.0,8,28.0,14
301,2023-10-04,2,2023-10-01,2023-10-31,913,15.0,2,13.0,1
301,2023-10-05,1,2023-10-01,2023-10-31,913,15.0,3,12.0,1
301,2023-10-06,1,2023-10-01,2023-10-31,913,15.0,4,11.0,1
301,2023-10-07,0,2023-10-01,2023-10-31,913,15.0,4,11.0,1
301,2023-10-08,0,2023-10-01,2023-10-31,913,15.0,4,11.0,1
301,2023-10-09,1,2023-10-01,2023-10-31,913,15.0,5,10.0,1
301,2023-10-10,3,2023-10-01,2023-10-31,913,15.0,8,7.0,1
301,2023-10-11,0,2023-10-01,2023-10-31,913,15.0,8,7.0,1
301,2023-10-12,1,2023-10-01,2023-10-31,913,15.0,9,6.0,1
302,2023-09-01,0,2023-09-01,2023-09-30,783,208.0,0,208.0,8
302,2023-09-02,1,2023-09-01,2023-09-30,783,208.0,1,207.0,8
302,2023-09-03,0,2023-09-01,2023-09-30,783,208.0,1,207.0,8
302,2023-09-04,0,2023-09-01,2023-09-30,783,208.0,1,207.0,8
302,2023-09-05,0,2023-09-01,2023-09-30,783,208.0,1,207.0,9
302,2023-09-06,1,2023-09-01,2023-09-30,783,208.0,2,206.0,9
302,2023-09-07,1,2023-09-01,2023-09-30,783,208.0,3,205.0,9
302,2023-09-08,1,2023-09-01,2023-09-30,783,208.0,4,204.0,10
302,2023-09-09,0,2023-09-01,2023-09-30,783,208.0,4,204.0,10
302,2023-09-10,0,2023-09-01,2023-09-30,783,208.0,4,204.0,11
302,2023-09-11,0,2023-09-01,2023-09-30,783,208.0,4,204.0,11
302,2023-09-12,1,2023-09-01,2023-09-30,783,208.0,5,203.0,12
302,2023-09-14,1,2023-09-01,2023-09-30,783,208.0,6,202.0,13
302,2023-09-15,0,2023-09-01,2023-09-30,783,208.0,6,202.0,14
302,2023-09-16,0,2023-09-01,2023-09-30,783,208.0,6,202.0,15
302,2023-09-17,0,2023-09-01,2023-09-30,783,208.0,6,202.0,16
302,2023-09-18,0,2023-09-01,2023-09-30,783,208.0,6,202.0,17
302,2023-09-19,0,2023-09-01,2023-09-30,783,208.0,6,202.0,19
302,2023-09-20,1,2023-09-01,2023-09-30,783,208.0,7,201.0,21
302,2023-09-21,0,2023-09-01,2023-09-30,783,208.0,7,201.0,23
302,2023-09-22,0,2023-09-01,2023-09-30,783,208.0,7,201.0,26
302,2023-09-23,0,2023-09-01,2023-09-30,783,208.0,7,201.0,29
302,2023-09-24,0,2023-09-01,2023-09-30,783,208.0,7,201.0,34
302,2023-09-25,0,2023-09-01,2023-09-30,783,208.0,7,201.0,41
302,2023-09-26,0,2023-09-01,2023-09-30,783,208.0,7,201.0,51
302,2023-09-27,0,2023-09-01,2023-09-30,783,208.0,7,201.0,67
302,2023-09-28,0,2023-09-01,2023-09-30,783,208.0,7,201.0,101
302,2023-09-30,0,2023-09-01,2023-09-30,783,208.0,7,201.0,201
302,2023-10-01,0,2023-10-01,2023-10-31,784,260.0,0,260.0,9
303,2023-09-12,81,2023-09-01,2023-09-30,808,6179.0,81,6098.0,339
303,2023-09-14,67,2023-09-01,2023-09-30,808,6179.0,148,6031.0,377
303,2023-09-15,76,2023-09-01,2023-09-30,808,6179.0,224,5955.0,397
303,2023-09-16,87,2023-09-01,2023-09-30,808,6179.0,311,5868.0,420
303,2023-09-17,82,2023-09-01,2023-09-30,808,6179.0,393,5786.0,446
303,2023-09-18,68,2023-09-01,2023-09-30,808,6179.0,461,5718.0,477
303,2023-09-19,81,2023-09-01,2023-09-30,808,6179.0,542,5637.0,513
303,2023-09-20,47,2023-09-01,2023-09-30,808,6179.0,589,5590.0,559
303,2023-09-21,124,2023-09-01,2023-09-30,808,6179.0,713,5466.0,608
303,2023-09-22,153,2023-09-01,2023-09-30,808,6179.0,866,5313.0,665
303,2023-09-23,161,2023-09-01,2023-09-30,808,6179.0,1027,5152.0,736
303,2023-09-24,206,2023-09-01,2023-09-30,808,6179.0,1233,4946.0,825
303,2023-09-25,236,2023-09-01,2023-09-30,808,6179.0,1469,4710.0,942
303,2023-09-26,219,2023-09-01,2023-09-30,808,6179.0,1688,4491.0,1123
303,2023-09-28,0,2023-09-01,2023-09-30,808,6179.0,1688,4491.0,2246
304,2023-09-01,1,2023-09-01,2023-09-30,810,24.0,1,23.0,1
304,2023-09-02,0,2023-09-01,2023-09-30,810,24.0,1,23.0,1
304,2023-09-03,3,2023-09-01,2023-09-30,810,24.0,4,20.0,1
304,2023-09-04,0,2023-09-01,2023-09-30,810,24.0,4,20.0,1
304,2023-09-05,0,2023-09-01,2023-09-30,810,24.0,4,20.0,1
304,2023-09-06,0,2023-09-01,2023-09-30,810,24.0,4,20.0,1
304,2023-09-07,0,2023-09-01,2023-09-30,810,24.0,4,20.0,1
304,2023-09-08,0,2023-09-01,2023-09-30,810,24.0,4,20.0,1
304,2023-09-09,0,2023-09-01,2023-09-30,810,24.0,4,20.0,1
304,2023-09-10,0,2023-09-01,2023-09-30,810,24.0,4,20.0,1
304,2023-09-11,0,2023-09-01,2023-09-30,810,24.0,4,20.0,2
304,2023-09-12,0,2023-09-01,2023-09-30,810,24.0,4,20.0,2
304,2023-09-13,0,2023-09-01,2023-09-30,810,24.0,4,20.0,2
304,2023-09-14,0,2023-09-01,2023-09-30,810,24.0,4,20.0,2
304,2023-09-15,0,2023-09-01,2023-09-30,810,24.0,4,20.0,2
304,2023-09-16,0,2023-09-01,2023-09-30,810,24.0,4,20.0,2
304,2023-09-17,0,2023-09-01,2023-09-30,810,24.0,4,20.0,2
304,2023-09-18,0,2023-09-01,2023-09-30,810,24.0,4,20.0,2
304,2023-09-19,0,2023-09-01,2023-09-30,810,24.0,4,20.0,2
304,2023-09-20,0,2023-09-01,2023-09-30,810,24.0,4,20.0,2
304,2023-09-21,0,2023-09-01,2023-09-30,810,24.0,4,20.0,3
304,2023-09-22,0,2023-09-01,2023-09-30,810,24.0,4,20.0,3
304,2023-09-23,0,2023-09-01,2023-09-30,810,24.0,4,20.0,3
304,2023-09-24,0,2023-09-01,2023-09-30,810,24.0,4,20.0,4
304,2023-09-25,0,2023-09-01,2023-09-30,810,24.0,4,20.0,4
304,2023-09-26,0,2023-09-01,2023-09-30,810,24.0,4,20.0,5
304,2023-09-27,0,2023-09-01,2023-09-30,810,24.0,4,20.0,7
304,2023-09-28,0,2023-09-01,2023-09-30,810,24.0,4,20.0,10
304,2023-10-04,0,2023-10-01,2023-10-31,926,46.0,0,46.0,2
304,2023-10-05,0,2023-10-01,2023-10-31,926,46.0,0,46.0,2
304,2023-10-06,0,2023-10-01,2023-10-31,926,46.0,0,46.0,2
304,2023-10-07,0,2023-10-01,2023-10-31,926,46.0,0,46.0,2
304,2023-10-08,0,2023-10-01,2023-10-31,926,46.0,0,46.0,2
304,2023-10-09,0,2023-10-01,2023-10-31,926,46.0,0,46.0,3
305,2023-10-11,2,2023-10-01,2023-10-31,928,30.0,2,28.0,2
305,2023-10-12,0,2023-10-01,2023-10-31,928,30.0,2,28.0,2
306,2023-09-26,2726,2023-09-01,2023-09-30,833,15402.0,2726,12676.0,3169
306,2023-09-27,4950,2023-09-01,2023-09-30,833,15402.0,7676,7726.0,2576
306,2023-09-28,1460,2023-09-01,2023-09-30,833,15402.0,9136,6266.0,3133
306,2023-10-04,4283,2023-10-01,2023-10-31,927,7835.0,4283,3552.0,132
306,2023-10-05,2198,2023-10-01,2023-10-31,927,7835.0,6481,1354.0,53
306,2023-10-06,5254,2023-10-01,2023-10-31,927,7835.0,11735,-3900.0,-156
306,2023-10-07,5771,2023-10-01,2023-10-31,927,7835.0,17506,-9671.0,-402
306,2023-10-08,6253,2023-10-01,2023-10-31,927,7835.0,23759,-15924.0,-692
306,2023-10-09,5075,2023-10-01,2023-10-31,927,7835.0,28834,-20999.0,-954
306,2023-10-10,3339,2023-10-01,2023-10-31,927,7835.0,32173,-24338.0,-1158
306,2023-10-11,3971,2023-10-01,2023-10-31,927,7835.0,36144,-28309.0,-1415
306,2023-10-12,3141,2023-10-01,2023-10-31,927,7835.0,39285,-31450.0,-1655
307,2023-09-04,6,2023-09-01,2023-09-30,807,125.0,6,119.0,5
307,2023-09-05,7,2023-09-01,2023-09-30,807,125.0,13,112.0,5
307,2023-09-06,8,2023-09-01,2023-09-30,807,125.0,21,104.0,5
307,2023-09-07,13,2023-09-01,2023-09-30,807,125.0,34,91.0,4
307,2023-09-08,8,2023-09-01,2023-09-30,807,125.0,42,83.0,4
307,2023-09-09,1,2023-09-01,2023-09-30,807,125.0,43,82.0,4
307,2023-09-10,3,2023-09-01,2023-09-30,807,125.0,46,79.0,4
307,2023-09-11,7,2023-09-01,2023-09-30,807,125.0,53,72.0,4
307,2023-09-12,3,2023-09-01,2023-09-30,807,125.0,56,69.0,4
307,2023-09-14,4,2023-09-01,2023-09-30,807,125.0,60,65.0,5
307,2023-09-15,7,2023-09-01,2023-09-30,807,125.0,67,58.0,4
307,2023-09-16,2,2023-09-01,2023-09-30,807,125.0,69,56.0,4
307,2023-09-17,0,2023-09-01,2023-09-30,807,125.0,69,56.0,5
307,2023-09-18,8,2023-09-01,2023-09-30,807,125.0,77,48.0,4
307,2023-09-19,9,2023-09-01,2023-09-30,807,125.0,86,39.0,4
307,2023-09-20,2,2023-09-01,2023-09-30,807,125.0,88,37.0,4
307,2023-09-21,1,2023-09-01,2023-09-30,807,125.0,89,36.0,4
307,2023-09-22,0,2023-09-01,2023-09-30,807,125.0,89,36.0,5
307,2023-09-23,1,2023-09-01,2023-09-30,807,125.0,90,35.0,5
307,2023-09-24,1,2023-09-01,2023-09-30,807,125.0,91,34.0,6
307,2023-09-25,1,2023-09-01,2023-09-30,807,125.0,92,33.0,7
307,2023-09-26,4,2023-09-01,2023-09-30,807,125.0,96,29.0,8
307,2023-09-27,5,2023-09-01,2023-09-30,807,125.0,101,24.0,8
307,2023-09-28,0,2023-09-01,2023-09-30,807,125.0,101,24.0,12
307,2023-10-04,8,2023-10-01,2023-10-31,905,93.0,8,85.0,4
307,2023-10-05,5,2023-10-01,2023-10-31,905,93.0,13,80.0,4
307,2023-10-06,14,2023-10-01,2023-10-31,905,93.0,27,66.0,3
307,2023-10-07,4,2023-10-01,2023-10-31,905,93.0,31,62.0,3
307,2023-10-08,1,2023-10-01,2023-10-31,905,93.0,32,61.0,3
307,2023-10-09,10,2023-10-01,2023-10-31,905,93.0,42,51.0,3
307,2023-10-10,22,2023-10-01,2023-10-31,905,93.0,64,29.0,2
307,2023-10-11,14,2023-10-01,2023-10-31,905,93.0,78,15.0,1
307,2023-10-12,19,2023-10-01,2023-10-31,905,93.0,97,-4.0,0
309,2023-09-01,106,2023-09-01,2023-09-30,834,13351.0,106,13245.0,457
309,2023-09-02,162,2023-09-01,2023-09-30,834,13351.0,268,13083.0,468
309,2023-09-03,208,2023-09-01,2023-09-30,834,13351.0,476,12875.0,477
309,2023-09-04,176,2023-09-01,2023-09-30,834,13351.0,652,12699.0,489
309,2023-09-05,267,2023-09-01,2023-09-30,834,13351.0,919,12432.0,498
309,2023-09-06,238,2023-09-01,2023-09-30,834,13351.0,1157,12194.0,509
309,2023-09-07,792,2023-09-01,2023-09-30,834,13351.0,1949,11402.0,496
309,2023-09-08,717,2023-09-01,2023-09-30,834,13351.0,2666,10685.0,486
309,2023-09-09,681,2023-09-01,2023-09-30,834,13351.0,3347,10004.0,477
309,2023-09-10,909,2023-09-01,2023-09-30,834,13351.0,4256,9095.0,455
309,2023-09-11,549,2023-09-01,2023-09-30,834,13351.0,4805,8546.0,450
309,2023-09-12,482,2023-09-01,2023-09-30,834,13351.0,5287,8064.0,448
309,2023-09-14,458,2023-09-01,2023-09-30,834,13351.0,5745,7606.0,476
309,2023-09-15,417,2023-09-01,2023-09-30,834,13351.0,6162,7189.0,480
309,2023-09-16,448,2023-09-01,2023-09-30,834,13351.0,6610,6741.0,482
309,2023-09-17,429,2023-09-01,2023-09-30,834,13351.0,7039,6312.0,486
309,2023-09-18,507,2023-09-01,2023-09-30,834,13351.0,7546,5805.0,484
309,2023-09-19,432,2023-09-01,2023-09-30,834,13351.0,7978,5373.0,489
309,2023-09-20,434,2023-09-01,2023-09-30,834,13351.0,8412,4939.0,494
309,2023-09-21,468,2023-09-01,2023-09-30,834,13351.0,8880,4471.0,497
309,2023-09-22,454,2023-09-01,2023-09-30,834,13351.0,9334,4017.0,503
309,2023-09-23,493,2023-09-01,2023-09-30,834,13351.0,9827,3524.0,504
309,2023-09-24,455,2023-09-01,2023-09-30,834,13351.0,10282,3069.0,512
309,2023-09-25,464,2023-09-01,2023-09-30,834,13351.0,10746,2605.0,521
309,2023-09-27,413,2023-09-01,2023-09-30,834,13351.0,11159,2192.0,731
309,2023-09-28,416,2023-09-01,2023-09-30,834,13351.0,11575,1776.0,888
310,2023-09-05,98,2023-09-04,2023-09-30,835,9484.0,98,9386.0,376
310,2023-09-06,157,2023-09-04,2023-09-30,835,9484.0,255,9229.0,385
310,2023-09-07,462,2023-09-04,2023-09-30,835,9484.0,717,8767.0,382
310,2023-09-08,558,2023-09-04,2023-09-30,835,9484.0,1275,8209.0,374
310,2023-09-09,574,2023-09-04,2023-09-30,835,9484.0,1849,7635.0,364
310,2023-09-10,644,2023-09-04,2023-09-30,835,9484.0,2493,6991.0,350
310,2023-09-11,433,2023-09-04,2023-09-30,835,9484.0,2926,6558.0,346
310,2023-09-12,321,2023-09-04,2023-09-30,835,9484.0,3247,6237.0,347
310,2023-09-14,323,2023-09-04,2023-09-30,835,9484.0,3570,5914.0,370
310,2023-09-15,354,2023-09-04,2023-09-30,835,9484.0,3924,5560.0,371
310,2023-09-16,392,2023-09-04,2023-09-30,835,9484.0,4316,5168.0,370
310,2023-09-17,596,2023-09-04,2023-09-30,835,9484.0,4912,4572.0,352
310,2023-09-18,219,2023-09-04,2023-09-30,835,9484.0,5131,4353.0,363
310,2023-09-19,239,2023-09-04,2023-09-30,835,9484.0,5370,4114.0,374
310,2023-09-20,285,2023-09-04,2023-09-30,835,9484.0,5655,3829.0,383
310,2023-09-21,312,2023-09-04,2023-09-30,835,9484.0,5967,3517.0,391
310,2023-09-22,348,2023-09-04,2023-09-30,835,9484.0,6315,3169.0,397
310,2023-09-23,380,2023-09-04,2023-09-30,835,9484.0,6695,2789.0,399
310,2023-09-24,458,2023-09-04,2023-09-30,835,9484.0,7153,2331.0,389
310,2023-09-25,249,2023-09-04,2023-09-30,835,9484.0,7402,2082.0,417
310,2023-09-26,293,2023-09-04,2023-09-30,835,9484.0,7695,1789.0,448
310,2023-09-27,392,2023-09-04,2023-09-30,835,9484.0,8087,1397.0,466
310,2023-09-28,345,2023-09-04,2023-09-30,835,9484.0,8432,1052.0,526
310,2023-09-30,411,2023-09-04,2023-09-30,835,9484.0,8843,641.0,641
312,2023-09-12,3,2023-09-11,2023-09-30,838,3581.0,3,3578.0,199
312,2023-09-13,1,2023-09-11,2023-09-30,838,3581.0,4,3577.0,211
312,2023-09-14,83,2023-09-11,2023-09-30,838,3581.0,87,3494.0,219
312,2023-09-15,55,2023-09-11,2023-09-30,838,3581.0,142,3439.0,230
312,2023-09-16,40,2023-09-11,2023-09-30,838,3581.0,182,3399.0,243
312,2023-09-17,60,2023-09-11,2023-09-30,838,3581.0,242,3339.0,257
312,2023-09-18,143,2023-09-11,2023-09-30,838,3581.0,385,3196.0,267
312,2023-09-19,208,2023-09-11,2023-09-30,838,3581.0,593,2988.0,272
312,2023-09-20,97,2023-09-11,2023-09-30,838,3581.0,690,2891.0,290
312,2023-09-21,147,2023-09-11,2023-09-30,838,3581.0,837,2744.0,305
312,2023-09-22,164,2023-09-11,2023-09-30,838,3581.0,1001,2580.0,323
312,2023-09-23,230,2023-09-11,2023-09-30,838,3581.0,1231,2350.0,336
312,2023-09-24,225,2023-09-11,2023-09-30,838,3581.0,1456,2125.0,355
312,2023-09-25,79,2023-09-11,2023-09-30,838,3581.0,1535,2046.0,410
312,2023-09-26,40,2023-09-11,2023-09-30,838,3581.0,1575,2006.0,502
312,2023-09-27,27,2023-09-11,2023-09-30,838,3581.0,1602,1979.0,660
312,2023-09-28,30,2023-09-11,2023-09-30,838,3581.0,1632,1949.0,975
312,2023-10-01,117,2023-10-01,2023-10-31,839,2865.0,117,2748.0,92
312,2023-10-02,127,2023-10-01,2023-10-31,839,2865.0,244,2621.0,91
312,2023-10-03,218,2023-10-01,2023-10-31,839,2865.0,462,2403.0,86
312,2023-10-04,60,2023-10-01,2023-10-31,839,2865.0,522,2343.0,87
312,2023-10-05,69,2023-10-01,2023-10-31,839,2865.0,591,2274.0,88
312,2023-10-06,104,2023-10-01,2023-10-31,839,2865.0,695,2170.0,87
312,2023-10-07,72,2023-10-01,2023-10-31,839,2865.0,767,2098.0,88
312,2023-10-08,96,2023-10-01,2023-10-31,839,2865.0,863,2002.0,88
312,2023-10-09,5,2023-10-01,2023-10-31,839,2865.0,868,1997.0,91
313,2023-09-06,388,2023-09-01,2023-09-30,842,14824.0,388,14436.0,602
313,2023-09-07,443,2023-09-01,2023-09-30,842,14824.0,831,13993.0,609
313,2023-09-08,443,2023-09-01,2023-09-30,842,14824.0,1274,13550.0,616
313,2023-09-09,522,2023-09-01,2023-09-30,842,14824.0,1796,13028.0,621
313,2023-09-10,530,2023-09-01,2023-09-30,842,14824.0,2326,12498.0,625
313,2023-09-11,450,2023-09-01,2023-09-30,842,14824.0,2776,12048.0,635
313,2023-09-12,564,2023-09-01,2023-09-30,842,14824.0,3340,11484.0,638
313,2023-09-14,369,2023-09-01,2023-09-30,842,14824.0,3709,11115.0,695
313,2023-09-15,323,2023-09-01,2023-09-30,842,14824.0,4032,10792.0,720
313,2023-09-16,400,2023-09-01,2023-09-30,842,14824.0,4432,10392.0,743
313,2023-09-17,515,2023-09-01,2023-09-30,842,14824.0,4947,9877.0,760
313,2023-09-18,365,2023-09-01,2023-09-30,842,14824.0,5312,9512.0,793
313,2023-09-19,914,2023-09-01,2023-09-30,842,14824.0,6226,8598.0,782
313,2023-09-20,1104,2023-09-01,2023-09-30,842,14824.0,7330,7494.0,750
313,2023-09-21,869,2023-09-01,2023-09-30,842,14824.0,8199,6625.0,737
313,2023-09-22,857,2023-09-01,2023-09-30,842,14824.0,9056,5768.0,721
313,2023-09-23,939,2023-09-01,2023-09-30,842,14824.0,9995,4829.0,690
313,2023-09-24,976,2023-09-01,2023-09-30,842,14824.0,10971,3853.0,643
313,2023-09-25,977,2023-09-01,2023-09-30,842,14824.0,11948,2876.0,576
313,2023-09-26,942,2023-09-01,2023-09-30,842,14824.0,12890,1934.0,484
313,2023-09-27,907,2023-09-01,2023-09-30,842,14824.0,13797,1027.0,343
313,2023-09-28,900,2023-09-01,2023-09-30,842,14824.0,14697,127.0,64
313,2023-09-30,925,2023-09-01,2023-09-30,842,14824.0,15622,-798.0,-798
313,2023-10-01,1062,2023-10-01,2023-10-31,867,14824.0,1062,13762.0,459
313,2023-10-02,1122,2023-10-01,2023-10-31,867,14824.0,2184,12640.0,436
313,2023-10-03,933,2023-10-01,2023-10-31,867,14824.0,3117,11707.0,419
313,2023-10-04,930,2023-10-01,2023-10-31,867,14824.0,4047,10777.0,400
313,2023-10-05,887,2023-10-01,2023-10-31,867,14824.0,4934,9890.0,381
313,2023-10-06,768,2023-10-01,2023-10-31,867,14824.0,5702,9122.0,365
313,2023-10-07,1089,2023-10-01,2023-10-31,867,14824.0,6791,8033.0,335
313,2023-10-08,1102,2023-10-01,2023-10-31,867,14824.0,7893,6931.0,302
313,2023-10-09,953,2023-10-01,2023-10-31,867,14824.0,8846,5978.0,272
313,2023-10-10,820,2023-10-01,2023-10-31,867,14824.0,9666,5158.0,246
313,2023-10-11,699,2023-10-01,2023-10-31,867,14824.0,10365,4459.0,223
313,2023-10-12,651,2023-10-01,2023-10-31,867,14824.0,11016,3808.0,201
314,2023-09-07,18407,2023-09-04,2023-09-30,843,53706.0,18407,35299.0,1535
314,2023-09-08,3649,2023-09-04,2023-09-30,843,53706.0,22056,31650.0,1439
314,2023-09-09,4263,2023-09-04,2023-09-30,843,53706.0,26319,27387.0,1305
314,2023-09-10,4603,2023-09-04,2023-09-30,843,53706.0,30922,22784.0,1140
314,2023-09-11,2693,2023-09-04,2023-09-30,843,53706.0,33615,20091.0,1058
314,2023-09-12,2813,2023-09-04,2023-09-30,843,53706.0,36428,17278.0,960
314,2023-09-14,2667,2023-09-04,2023-09-30,843,53706.0,39095,14611.0,914
314,2023-09-15,1082,2023-09-04,2023-09-30,843,53706.0,40177,13529.0,902
314,2023-09-16,978,2023-09-04,2023-09-30,843,53706.0,41155,12551.0,897
314,2023-09-17,1106,2023-09-04,2023-09-30,843,53706.0,42261,11445.0,881
314,2023-09-18,1729,2023-09-04,2023-09-30,843,53706.0,43990,9716.0,810
314,2023-09-19,1770,2023-09-04,2023-09-30,843,53706.0,45760,7946.0,723
314,2023-09-20,1757,2023-09-04,2023-09-30,843,53706.0,47517,6189.0,619
314,2023-09-21,2012,2023-09-04,2023-09-30,843,53706.0,49529,4177.0,465
314,2023-09-22,1961,2023-09-04,2023-09-30,843,53706.0,51490,2216.0,277
314,2023-09-23,1825,2023-09-04,2023-09-30,843,53706.0,53315,391.0,56
314,2023-09-24,1907,2023-09-04,2023-09-30,843,53706.0,55222,-1516.0,-252
314,2023-09-25,1554,2023-09-04,2023-09-30,843,53706.0,56776,-3070.0,-614
314,2023-09-26,771,2023-09-04,2023-09-30,843,53706.0,57547,-3841.0,-960
314,2023-09-27,696,2023-09-04,2023-09-30,843,53706.0,58243,-4537.0,-1512
314,2023-09-28,1406,2023-09-04,2023-09-30,843,53706.0,59649,-5943.0,-2971
314,2023-09-30,1636,2023-09-04,2023-09-30,843,53706.0,61285,-7579.0,-7579
314,2023-10-01,1638,2023-10-01,2023-10-31,844,53706.0,1638,52068.0,1736
314,2023-10-02,1903,2023-10-01,2023-10-31,844,53706.0,3541,50165.0,1730
314,2023-10-03,1562,2023-10-01,2023-10-31,844,53706.0,5103,48603.0,1736
314,2023-10-04,1425,2023-10-01,2023-10-31,844,53706.0,6528,47178.0,1748
314,2023-10-05,289,2023-10-01,2023-10-31,844,53706.0,6817,46889.0,1804
314,2023-10-06,3201,2023-10-01,2023-10-31,844,53706.0,10018,43688.0,1748
314,2023-10-07,2299,2023-10-01,2023-10-31,844,53706.0,12317,41389.0,1725
314,2023-10-08,2992,2023-10-01,2023-10-31,844,53706.0,15309,38397.0,1670
314,2023-10-09,2483,2023-10-01,2023-10-31,844,56288.0,17792,38496.0,1750
314,2023-10-10,2334,2023-10-01,2023-10-31,844,56288.0,20126,36162.0,1722
314,2023-10-11,2258,2023-10-01,2023-10-31,844,56288.0,22384,33904.0,1696
314,2023-10-12,2402,2023-10-01,2023-10-31,844,56288.0,24786,31502.0,1658
316,2023-09-14,0,2023-09-13,2023-09-30,870,5852843.0,0,5852843.0,365803
316,2023-09-15,0,2023-09-13,2023-09-30,870,5852843.0,0,5852843.0,390190
316,2023-09-16,0,2023-09-13,2023-09-30,870,5852843.0,0,5852843.0,418061
316,2023-09-17,0,2023-09-13,2023-09-30,870,5852843.0,0,5852843.0,450219
316,2023-09-18,0,2023-09-13,2023-09-30,870,5852843.0,0,5852843.0,487737
316,2023-09-19,0,2023-09-13,2023-09-30,870,5852843.0,0,5852843.0,532077
316,2023-09-20,0,2023-09-13,2023-09-30,870,5852843.0,0,5852843.0,585285
316,2023-09-21,0,2023-09-13,2023-09-30,870,5852843.0,0,5852843.0,650316
316,2023-09-22,0,2023-09-13,2023-09-30,870,5852843.0,0,5852843.0,731606
316,2023-09-23,0,2023-09-13,2023-09-30,870,5852843.0,0,5852843.0,836121
316,2023-09-24,0,2023-09-13,2023-09-30,870,5852843.0,0,5852843.0,975474
316,2023-09-25,0,2023-09-13,2023-09-30,870,5852843.0,0,5852843.0,1170569
316,2023-09-26,0,2023-09-13,2023-09-30,870,5852843.0,0,5852843.0,1463211
316,2023-09-27,0,2023-09-13,2023-09-30,870,5852843.0,0,5852843.0,1950948
316,2023-09-28,0,2023-09-13,2023-09-30,870,5852843.0,0,5852843.0,2926422
316,2023-10-05,0,2023-10-01,2023-10-31,909,6827425.0,0,6827425.0,262594
316,2023-10-06,0,2023-10-01,2023-10-31,909,6827425.0,0,6827425.0,273097
316,2023-10-07,0,2023-10-01,2023-10-31,909,6827425.0,0,6827425.0,284477
316,2023-10-08,0,2023-10-01,2023-10-31,909,6827425.0,0,6827425.0,296845
316,2023-10-09,0,2023-10-01,2023-10-31,909,6827425.0,0,6827425.0,310338
316,2023-10-10,0,2023-10-01,2023-10-31,909,6827425.0,0,6827425.0,325116
316,2023-10-11,0,2023-10-01,2023-10-31,909,6827425.0,0,6827425.0,341372
316,2023-10-12,0,2023-10-01,2023-10-31,909,6827425.0,0,6827425.0,359339
316,2023-10-13,0,2023-10-01,2023-10-31,909,6827425.0,0,6827425.0,379302
317,2023-09-14,6485,2023-09-13,2023-09-30,871,200000.0,6485,193515.0,12095
317,2023-09-15,7234,2023-09-13,2023-09-30,871,200000.0,13719,186281.0,12419
317,2023-09-16,7233,2023-09-13,2023-09-30,871,200000.0,20952,179048.0,12790
317,2023-09-17,9133,2023-09-13,2023-09-30,871,200000.0,30085,169915.0,13071
317,2023-09-18,9240,2023-09-13,2023-09-30,871,200000.0,39325,160675.0,13390
317,2023-09-19,5770,2023-09-13,2023-09-30,871,200000.0,45095,154905.0,14083
317,2023-09-20,8275,2023-09-13,2023-09-30,871,200000.0,53370,146630.0,14663
317,2023-09-21,11149,2023-09-13,2023-09-30,871,200000.0,64519,135481.0,15054
317,2023-09-22,9718,2023-09-13,2023-09-30,871,200000.0,74237,125763.0,15721
317,2023-09-23,9000,2023-09-13,2023-09-30,871,200000.0,83237,116763.0,16681
317,2023-09-24,9336,2023-09-13,2023-09-30,871,200000.0,92573,107427.0,17905
317,2023-09-25,949,2023-09-13,2023-09-30,871,200000.0,93522,106478.0,21296
317,2023-09-26,17186,2023-09-13,2023-09-30,871,200000.0,110708,89292.0,22323
317,2023-09-27,22471,2023-09-13,2023-09-30,871,200000.0,133179,66821.0,22274
317,2023-09-28,16618,2023-09-13,2023-09-30,871,200000.0,149797,50203.0,25102
317,2023-10-04,8483,2023-10-01,2023-10-31,907,185048.0,8483,176565.0,6540
317,2023-10-05,4145,2023-10-01,2023-10-31,907,185048.0,12628,172420.0,6632
317,2023-10-06,4916,2023-10-01,2023-10-31,907,185048.0,17544,167504.0,6701
317,2023-10-07,6523,2023-10-01,2023-10-31,907,185048.0,24067,160981.0,6708
317,2023-10-08,7272,2023-10-01,2023-10-31,907,185048.0,31339,153709.0,6683
317,2023-10-09,3271,2023-10-01,2023-10-31,907,185048.0,34610,150438.0,6839
317,2023-10-10,3927,2023-10-01,2023-10-31,907,185048.0,38537,146511.0,6977
317,2023-10-11,4109,2023-10-01,2023-10-31,907,185048.0,42646,142402.0,7121
317,2023-10-12,3596,2023-10-01,2023-10-31,907,185048.0,46242,138806.0,7306
317,2023-10-15,102,2023-10-01,2023-10-31,907,185048.0,46344,138704.0,8669
318,2023-09-14,0,2023-09-13,2023-09-23,872,6000000.0,0,6000000.0,666667
318,2023-09-15,0,2023-09-13,2023-09-23,872,6000000.0,0,6000000.0,750000
318,2023-09-16,0,2023-09-13,2023-09-23,872,6000000.0,0,6000000.0,857143
318,2023-09-17,0,2023-09-13,2023-09-23,872,6000000.0,0,6000000.0,1000000
318,2023-09-18,0,2023-09-13,2023-09-23,872,6000000.0,0,6000000.0,1200000
318,2023-09-19,0,2023-09-13,2023-09-23,872,6000000.0,0,6000000.0,1500000
318,2023-09-20,0,2023-09-13,2023-09-23,872,6000000.0,0,6000000.0,2000000
318,2023-09-21,0,2023-09-13,2023-09-23,872,6000000.0,0,6000000.0,3000000
319,2023-09-24,0,2023-09-18,2023-09-30,873,12.0,0,12.0,2
319,2023-09-25,3,2023-09-18,2023-09-30,873,12.0,3,9.0,2
319,2023-09-26,5,2023-09-18,2023-09-30,873,12.0,8,4.0,1
319,2023-09-27,7,2023-09-18,2023-09-30,873,12.0,15,-3.0,-1
319,2023-09-28,5,2023-09-18,2023-09-30,873,12.0,20,-8.0,-4
319,2023-10-04,5,2023-10-01,2023-10-31,925,93.0,5,88.0,4
319,2023-10-05,3,2023-10-01,2023-10-31,925,93.0,8,85.0,4
319,2023-10-06,11,2023-10-01,2023-10-31,925,93.0,19,74.0,3
319,2023-10-07,0,2023-10-01,2023-10-31,925,93.0,19,74.0,4
319,2023-10-08,0,2023-10-01,2023-10-31,925,93.0,19,74.0,4
319,2023-10-09,5,2023-10-01,2023-10-31,925,93.0,24,69.0,4
319,2023-10-10,10,2023-10-01,2023-10-31,925,93.0,34,59.0,3
319,2023-10-11,13,2023-10-01,2023-10-31,925,93.0,47,46.0,3
319,2023-10-12,13,2023-10-01,2023-10-31,925,93.0,60,33.0,2
320,2023-09-21,233,2023-09-21,2023-09-27,874,4895.0,233,4662.0,777
320,2023-09-22,415,2023-09-21,2023-09-27,874,4895.0,648,4247.0,850
320,2023-09-23,554,2023-09-21,2023-09-27,874,4895.0,1202,3693.0,924
320,2023-09-24,889,2023-09-21,2023-09-27,874,4895.0,2091,2804.0,935
320,2023-09-25,945,2023-09-21,2023-09-27,874,4895.0,3036,1859.0,930
321,2023-09-21,19,2023-09-14,2023-09-30,875,3219.0,19,3200.0,356
321,2023-09-22,37,2023-09-14,2023-09-30,875,3219.0,56,3163.0,396
321,2023-09-23,29,2023-09-14,2023-09-30,875,3219.0,85,3134.0,448
321,2023-09-24,34,2023-09-14,2023-09-30,875,3219.0,119,3100.0,517
321,2023-09-25,30,2023-09-14,2023-09-30,875,3219.0,149,3070.0,614
321,2023-09-26,34,2023-09-14,2023-09-30,875,3219.0,183,3036.0,759
321,2023-09-27,26,2023-09-14,2023-09-30,875,3219.0,209,3010.0,1004
321,2023-09-28,26,2023-09-14,2023-09-30,875,3219.0,235,2984.0,1492
321,2023-10-04,77,2023-10-01,2023-10-31,906,8646.0,77,8569.0,318
321,2023-10-05,98,2023-10-01,2023-10-31,906,8646.0,175,8471.0,326
321,2023-10-06,173,2023-10-01,2023-10-31,906,8646.0,348,8298.0,332
321,2023-10-07,536,2023-10-01,2023-10-31,906,8646.0,884,7762.0,324
321,2023-10-08,506,2023-10-01,2023-10-31,906,8646.0,1390,7256.0,316
321,2023-10-09,427,2023-10-01,2023-10-31,906,8646.0,1817,6829.0,311
321,2023-10-10,273,2023-10-01,2023-10-31,906,8646.0,2090,6556.0,313
321,2023-10-11,246,2023-10-01,2023-10-31,906,8646.0,2336,6310.0,316
321,2023-10-12,332,2023-10-01,2023-10-31,906,8646.0,2668,5978.0,315
322,2023-09-22,116,2023-09-10,2023-09-30,876,8429.0,116,8313.0,1040
322,2023-09-23,165,2023-09-10,2023-09-30,876,8429.0,281,8148.0,1164
322,2023-09-24,165,2023-09-10,2023-09-30,876,8429.0,446,7983.0,1331
322,2023-09-25,86,2023-09-10,2023-09-30,876,8429.0,532,7897.0,1580
322,2023-09-26,169,2023-09-10,2023-09-30,876,8429.0,701,7728.0,1932
322,2023-09-27,123,2023-09-10,2023-09-30,876,8429.0,824,7605.0,2535
322,2023-09-28,129,2023-09-10,2023-09-30,876,8429.0,953,7476.0,3738
322,2023-09-30,156,2023-09-10,2023-09-30,876,8429.0,1109,7320.0,7320
322,2023-10-01,131,2023-10-01,2023-10-31,877,13065.0,131,12934.0,432
322,2023-10-02,145,2023-10-01,2023-10-31,877,13065.0,276,12789.0,441
322,2023-10-03,107,2023-10-01,2023-10-31,877,13065.0,383,12682.0,453
322,2023-10-04,136,2023-10-01,2023-10-31,877,13065.0,519,12546.0,465
322,2023-10-05,131,2023-10-01,2023-10-31,877,13065.0,650,12415.0,478
322,2023-10-06,135,2023-10-01,2023-10-31,877,13065.0,785,12280.0,492
322,2023-10-07,173,2023-10-01,2023-10-31,877,13065.0,958,12107.0,505
322,2023-10-08,164,2023-10-01,2023-10-31,877,13065.0,1122,11943.0,520
322,2023-10-09,136,2023-10-01,2023-10-31,877,13065.0,1258,11807.0,537
322,2023-10-10,117,2023-10-01,2023-10-31,877,13065.0,1375,11690.0,557
322,2023-10-11,142,2023-10-01,2023-10-31,877,13065.0,1517,11548.0,578
322,2023-10-12,170,2023-10-01,2023-10-31,877,13065.0,1687,11378.0,599
323,2023-09-25,5,2023-09-22,2023-09-30,881,300.0,5,295.0,59
323,2023-09-26,5,2023-09-22,2023-09-30,881,300.0,10,290.0,73
323,2023-09-27,9,2023-09-22,2023-09-30,881,300.0,19,281.0,94
323,2023-09-28,13,2023-09-22,2023-09-30,881,300.0,32,268.0,134
323,2023-10-01,19,2023-10-01,2023-10-31,882,797.0,19,778.0,26
323,2023-10-02,13,2023-10-01,2023-10-31,882,797.0,32,765.0,27
323,2023-10-03,6,2023-10-01,2023-10-31,882,714.0,38,676.0,25
323,2023-10-04,8,2023-10-01,2023-10-31,882,714.0,46,668.0,25
323,2023-10-05,6,2023-10-01,2023-10-31,882,714.0,52,662.0,26
323,2023-10-06,3,2023-10-01,2023-10-31,882,714.0,55,659.0,27
323,2023-10-07,5,2023-10-01,2023-10-31,882,714.0,60,654.0,28
323,2023-10-08,8,2023-10-01,2023-10-31,882,714.0,68,646.0,29
323,2023-10-09,1,2023-10-01,2023-10-31,882,714.0,69,645.0,30
325,2023-10-15,1358,2023-10-01,2023-10-31,908,146496.0,1358,145138.0,9072
326,2023-09-27,922,2023-09-18,2023-09-30,890,17769.0,922,16847.0,5616
326,2023-09-28,862,2023-09-18,2023-09-30,890,17769.0,1784,15985.0,7993
326,2023-10-04,936,2023-10-01,2023-10-31,931,16102.0,936,15166.0,562
326,2023-10-05,830,2023-10-01,2023-10-31,931,16102.0,1766,14336.0,552
326,2023-10-06,827,2023-10-01,2023-10-31,931,16102.0,2593,13509.0,541
326,2023-10-07,867,2023-10-01,2023-10-31,931,16102.0,3460,12642.0,527
326,2023-10-08,992,2023-10-01,2023-10-31,931,16102.0,4452,11650.0,507
326,2023-10-09,855,2023-10-01,2023-10-31,931,16102.0,5307,10795.0,491
326,2023-10-10,577,2023-10-01,2023-10-31,931,16102.0,5884,10218.0,487
326,2023-10-11,456,2023-10-01,2023-10-31,931,16102.0,6340,9762.0,489
326,2023-10-12,454,2023-10-01,2023-10-31,931,16102.0,6794,9308.0,490
327,2023-09-27,93,2023-09-23,2023-09-30,891,703.0,93,610.0,204
327,2023-09-28,79,2023-09-23,2023-09-30,891,703.0,172,531.0,266
327,2023-09-30,46,2023-09-23,2023-09-30,891,703.0,218,485.0,485
327,2023-10-01,71,2023-10-01,2023-10-31,892,2813.0,71,2742.0,92
327,2023-10-02,52,2023-10-01,2023-10-31,892,2813.0,123,2690.0,93
327,2023-10-03,71,2023-10-01,2023-10-31,892,2813.0,194,2619.0,94
327,2023-10-04,51,2023-10-01,2023-10-31,892,2813.0,245,2568.0,96
327,2023-10-05,52,2023-10-01,2023-10-31,892,2813.0,297,2516.0,97
327,2023-10-06,47,2023-10-01,2023-10-31,892,2813.0,344,2469.0,99
327,2023-10-07,45,2023-10-01,2023-10-31,892,2813.0,389,2424.0,101
327,2023-10-08,40,2023-10-01,2023-10-31,892,2813.0,429,2384.0,104
327,2023-10-09,57,2023-10-01,2023-10-31,892,2813.0,486,2327.0,106
327,2023-10-10,58,2023-10-01,2023-10-31,892,2813.0,544,2269.0,109
327,2023-10-11,65,2023-10-01,2023-10-31,892,2813.0,609,2204.0,111
327,2023-10-12,92,2023-10-01,2023-10-31,892,2813.0,701,2112.0,112
328,2023-09-27,123,2023-09-11,2023-09-30,894,8429.0,123,8306.0,2769
328,2023-09-28,129,2023-09-11,2023-09-30,894,8429.0,252,8177.0,4089
328,2023-09-30,156,2023-09-11,2023-09-30,894,8429.0,408,8021.0,8021
328,2023-10-01,131,2023-10-01,2023-10-31,895,13065.0,131,12934.0,432
328,2023-10-02,145,2023-10-01,2023-10-31,895,13065.0,276,12789.0,441
328,2023-10-03,107,2023-10-01,2023-10-31,895,13065.0,383,12682.0,453
328,2023-10-04,136,2023-10-01,2023-10-31,895,13065.0,519,12546.0,465
328,2023-10-05,131,2023-10-01,2023-10-31,895,13065.0,650,12415.0,478
328,2023-10-06,135,2023-10-01,2023-10-31,895,13065.0,785,12280.0,492
328,2023-10-07,173,2023-10-01,2023-10-31,895,13065.0,958,12107.0,505
328,2023-10-08,164,2023-10-01,2023-10-31,895,13065.0,1122,11943.0,520
328,2023-10-09,136,2023-10-01,2023-10-31,895,13065.0,1258,11807.0,537
328,2023-10-10,117,2023-10-01,2023-10-31,895,13065.0,1375,11690.0,557
328,2023-10-11,142,2023-10-01,2023-10-31,895,13065.0,1517,11548.0,578
328,2023-10-12,170,2023-10-01,2023-10-31,895,13065.0,1687,11378.0,599
329,2023-09-27,0,2023-09-11,2023-09-30,898,1424489.0,0,1424489.0,474830
329,2023-09-28,0,2023-09-11,2023-09-30,898,1424489.0,0,1424489.0,712245
329,2023-09-30,0,2023-09-11,2023-09-30,898,1424489.0,0,1424489.0,1424489
329,2023-10-01,0,2023-10-01,2023-10-31,899,2207959.0,0,2207959.0,73599
329,2023-10-02,0,2023-10-01,2023-10-31,899,2207959.0,0,2207959.0,76137
329,2023-10-03,0,2023-10-01,2023-10-31,899,2207959.0,0,2207959.0,78856
329,2023-10-04,0,2023-10-01,2023-10-31,899,2207959.0,0,2207959.0,81777
329,2023-10-05,0,2023-10-01,2023-10-31,899,2207959.0,0,2207959.0,84922
329,2023-10-06,0,2023-10-01,2023-10-31,899,2207959.0,0,2207959.0,88319
329,2023-10-07,0,2023-10-01,2023-10-31,899,2207959.0,0,2207959.0,91999
329,2023-10-08,0,2023-10-01,2023-10-31,899,2207959.0,0,2207959.0,95999
329,2023-10-09,0,2023-10-01,2023-10-31,899,2207959.0,0,2207959.0,100362
329,2023-10-10,0,2023-10-01,2023-10-31,899,2207959.0,0,2207959.0,105141
329,2023-10-11,0,2023-10-01,2023-10-31,899,2207959.0,0,2207959.0,110398
329,2023-10-12,0,2023-10-01,2023-10-31,899,2207959.0,0,2207959.0,116209
330,2023-10-02,53,2023-10-02,2023-10-30,903,7023.0,53,6970.0,249
330,2023-10-03,112,2023-10-02,2023-10-30,903,7023.0,165,6858.0,254
330,2023-10-04,129,2023-10-02,2023-10-30,903,7023.0,294,6729.0,259
330,2023-10-05,94,2023-10-02,2023-10-30,903,7023.0,388,6635.0,266
330,2023-10-06,199,2023-10-02,2023-10-30,903,7023.0,587,6436.0,269
330,2023-10-07,189,2023-10-02,2023-10-30,903,7023.0,776,6247.0,272
330,2023-10-08,192,2023-10-02,2023-10-30,903,7023.0,968,6055.0,276
330,2023-10-09,218,2023-10-02,2023-10-30,903,7023.0,1186,5837.0,278
330,2023-10-10,217,2023-10-02,2023-10-30,903,7023.0,1403,5620.0,281
330,2023-10-11,149,2023-10-02,2023-10-30,903,7023.0,1552,5471.0,288
330,2023-10-12,346,2023-10-02,2023-10-30,903,7023.0,1898,5125.0,285
331,2023-10-02,66,2023-10-02,2023-10-31,904,8571.0,66,8505.0,294
331,2023-10-03,93,2023-10-02,2023-10-31,904,8571.0,159,8412.0,301
331,2023-10-04,112,2023-10-02,2023-10-31,904,8571.0,271,8300.0,308
331,2023-10-06,190,2023-10-02,2023-10-31,904,8571.0,461,8110.0,325
331,2023-10-07,181,2023-10-02,2023-10-31,904,8571.0,642,7929.0,331
331,2023-10-08,162,2023-10-02,2023-10-31,904,8571.0,804,7767.0,338
331,2023-10-09,213,2023-10-02,2023-10-31,904,8571.0,1017,7554.0,344
331,2023-10-11,267,2023-10-02,2023-10-31,904,8571.0,1284,7287.0,365
332,2023-10-10,56,2023-10-05,2023-10-31,933,120370.0,56,120314.0,5730
332,2023-10-12,190,2023-10-05,2023-10-31,933,120370.0,246,120124.0,6323
333,2023-10-05,41,2023-10-05,2023-10-31,934,16808.0,41,16767.0,645
333,2023-10-06,102,2023-10-05,2023-10-31,934,16808.0,143,16665.0,667
333,2023-10-07,139,2023-10-05,2023-10-31,934,16808.0,282,16526.0,689
333,2023-10-08,167,2023-10-05,2023-10-31,934,16808.0,449,16359.0,712
333,2023-10-09,138,2023-10-05,2023-10-31,934,16808.0,587,16221.0,738
333,2023-10-10,64,2023-10-05,2023-10-31,934,16808.0,651,16157.0,770
333,2023-10-11,93,2023-10-05,2023-10-31,934,16808.0,744,16064.0,804
333,2023-10-12,67,2023-10-05,2023-10-31,934,16808.0,811,15997.0,842
335,2023-10-10,50,2023-10-09,2023-10-31,937,3643.0,50,3593.0,172
335,2023-10-11,59,2023-10-09,2023-10-31,937,3643.0,109,3534.0,177
335,2023-10-12,31,2023-10-09,2023-10-31,937,3643.0,140,3503.0,185
337,2023-10-12,353,2023-10-09,2023-10-31,942,4657.0,353,4304.0,227
